Date,710FN3_Damper(%),Water_Mix1(m3/h),Water_Mix2(m3/h),Kiln_Speed(rpm),710FN1_Damper(%),730FN1_Damper(%),Grate_Feed(ton),OffGas(deg),WF5(t/h),WF6(t/h),Grate_Speed(rpm)
22-03-2019 07:00,34.56,3.77,2.85,1.72,51,32.5,12383.61,827.97,14.54,19.03,6.2
23-03-2019 07:00,34.01,5.68,2.77,1.72,51.98,31.96,12413.71,847.22,17.42,16.49,5.98
24-03-2019 07:00,28.01,5.07,3.07,1.72,46.9,31.49,12277.02,844.5,17.58,18.08,5.98
25-03-2019 07:00,26.59,3.48,3.28,1.71,39.3,26.14,9942.13,834.06,10.72,11.61,4.72
26-03-2019 07:00,34.39,4.49,4.48,1.72,48.12,32.16,12960.56,805.14,17.68,17.76,6.13
27-03-2019 07:00,31.53,3.69,3.68,1.72,43.85,30.43,11750.39,840.66,11.45,11.58,5.49
28-03-2019 07:00,38.36,3.44,3.23,1.72,46.31,31.87,12608.12,844.28,18.81,17.56,5.77
29-03-2019 07:00,34.2,4.1,3.98,1.72,49.28,32.55,13349.91,815.68,17.7,21.29,6.06
30-03-2019 07:00,38.57,3.91,3.88,1.72,51.58,32.64,13318.52,810.32,18.51,18.55,6.04
31-03-2019 07:00,37,3.26,3.25,1.72,50,32.43,13130.03,819.98,18.45,18.51,5.99
1/4/2019 7:00,36.07,3.67,3.85,1.72,48.33,32.19,12756.55,815.3,18.72,20,6.02
2/4/2019 7:00,33.11,2.83,2.98,1.72,47.83,32.5,12812.5,828.08,17.14,18.36,5.91
3/4/2019 7:00,33.25,2.39,2.42,1.72,48,32.33,12841.49,818.18,19.95,20.06,5.93
4/4/2019 7:00,36.87,2.09,2.13,1.72,48,32.3,12940.89,801.47,20.25,17.25,5.92
5/4/2019 7:00,33.09,1.72,1.98,1.72,48,32.39,13043.02,789.33,16.29,18.89,5.88
6/4/2019 7:00,31.35,1.92,2.12,1.72,48,32.75,13149.89,791.81,18.31,19.59,5.96
7/4/2019 7:00,23.4,1.41,1.43,1.57,31.38,24.27,8711.55,776.22,11.44,12.32,4.06
8/4/2019 7:00,0,0.01,0,1,0,3,0,657.59,0,0,0.14
9/4/2019 7:00,8.98,0.28,0.38,0.97,8.09,5.02,1140.83,705.18,0.04,0.01,0.63
10/4/2019 7:00,33.39,2.04,2.34,1.66,50.76,31.83,11871.28,823.43,8.6,10.58,5.62
11/4/2019 7:00,34.78,1.59,1.78,1.72,48.03,32.04,12701.75,827.74,21.43,23.46,5.94
12/4/2019 7:00,34.24,1.13,1.17,1.72,47.85,32.35,13011.05,813.27,18.76,19.17,5.89
13-04-2019 07:00,32.92,1.51,1.68,1.72,44.58,31.07,12010.12,825.97,11.2,11.44,5.42
14-04-2019 07:00,37.08,1.91,1.96,1.72,48,32.14,12715.95,797.79,19.81,20.49,5.91
15-04-2019 07:00,36.03,2.3,2.39,1.72,42.79,32.41,12716.25,796.16,21.68,20.33,5.76
16-04-2019 07:00,33.78,2.09,2.22,1.72,49.65,33.14,12796.92,808.51,19.96,14.28,6.08
17-04-2019 07:00,34.93,2.01,2.18,1.72,50,33.02,13220.98,817.94,17.96,19.07,6.05
18-04-2019 07:00,32.85,2.4,2.61,1.72,46.02,30.43,11888.48,841.8,20.79,14.06,5.47
19-04-2019 07:00,36.17,2.68,2.64,1.72,49.37,32.88,13276.64,812.35,19.13,22.48,5.96
20-04-2019 07:00,36.16,2.32,2.34,1.72,49.62,32.64,13148.7,816.9,18.67,18.82,5.97
21-04-2019 07:00,36.56,2.13,2.07,1.72,49.37,32.48,12980.1,828.96,14.8,15.95,5.94
22-04-2019 07:00,34.24,2.55,2.53,1.72,46.29,31.37,12560.48,832.54,16.82,16.44,5.6
23-04-2019 07:00,36.47,1.72,1.72,1.74,47.15,32.96,13287.91,803.9,16.93,16.98,5.94
24-04-2019 07:00,35.18,1.18,1.19,1.74,48.42,32.28,12772.16,813.3,18.02,18.6,5.9
25-04-2019 07:00,32.7,1.93,1.9,1.74,46.1,32.73,12805.53,804.56,15.04,17.66,5.87
26-04-2019 07:00,35.34,1.72,1.84,1.74,48.44,32.97,13045.21,815.11,21.14,23.95,5.9
27-04-2019 07:00,35.86,1.85,1.83,1.74,48.47,33.05,13087.62,809.54,20.47,21.33,5.86
28-04-2019 07:00,35,2.15,2.39,1.73,48,33.5,13029.89,846.86,16.82,18.88,5.84
29-04-2019 07:00,37.12,2.24,2.77,1.7,47.89,32.05,12377.88,853.3,16.88,21.23,5.56
30-04-2019 07:00,36.39,2.94,3.02,1.7,47.17,33.28,12600.77,845.17,16.39,17.03,5.85
1/5/2019 7:00,35.2,2.38,2.27,1.7,48.8,33.19,12705.83,852.37,21.51,20.34,5.86
2/5/2019 7:00,33.56,2.32,2.27,1.7,54.55,32.56,12471.88,848.1,18.18,16.88,5.67
3/5/2019 7:00,35.01,3,2.93,1.7,50.87,32.71,12775.66,833.72,23.78,19.89,5.85
4/5/2019 7:00,34.85,2.8,2.76,1.72,48.49,33.14,12545.74,843.6,17.96,18.59,5.82
5/5/2019 7:00,29.6,2.53,2.01,1.66,43.64,29.21,10817.52,853.8,21.83,13.72,5.19
6/5/2019 7:00,30.24,1.88,1.65,1.7,52.08,32.6,12114.67,869.37,17.99,15.58,5.49
7/5/2019 7:00,33.3,1.83,1.81,1.7,52.67,31.96,11764.26,869.46,18.98,18.46,5.32
8/5/2019 7:00,35.1,2.12,2.17,1.7,49.26,33.21,12107.3,870.9,9.49,13.05,5.5
9/5/2019 7:00,36.38,2.42,2.78,1.7,48.69,33.26,12691.75,850.54,18.11,21.34,5.76
10/5/2019 7:00,32.77,1.72,1.85,1.69,51.14,32.7,12432.42,852.32,15.96,18.39,5.76
11/5/2019 7:00,31.38,2.2,2.05,1.7,49.78,32.25,12103.18,869.64,20.62,22.3,5.68
12/5/2019 7:00,33.34,2.76,2.75,1.68,48.75,32.1,11159.89,864.28,14.2,14.57,5.43
13-05-2019 07:00,36.32,3.32,3.34,1.69,48.5,33.58,12239.41,853.84,19.74,19.83,5.78
14-05-2019 07:00,35.05,2.92,3.11,1.7,47.24,32.82,12137.05,848.63,13.66,14.46,5.62
15-05-2019 07:00,36.27,1.97,2.24,1.7,46.75,32.54,11813.38,854.06,19.53,22.53,5.56
16-05-2019 07:00,34.18,2.58,2.69,1.7,52.68,33.16,11936.7,846.19,21.18,22.11,5.53
17-05-2019 07:00,36.94,3.23,3.56,1.69,48,32.61,11860.81,839.41,18.86,21.24,5.63
18-05-2019 07:00,32.48,3.11,3.15,1.68,45.68,33.1,12102.7,846.83,14.16,12.7,5.65
19-05-2019 07:00,34.59,3.76,3.93,1.69,53.1,33.06,12515.38,821.37,21.06,21.65,5.66
20-05-2019 07:00,35.54,3.76,3.83,1.7,50.18,33.92,12756.15,839.54,10.7,10.26,5.86
21-05-2019 07:00,33.91,2.15,2.14,1.7,49.13,34.01,12302.71,844.84,24.39,24.23,5.77
22-05-2019 07:00,35.64,1.5,1.51,1.7,49.29,33.94,12778.93,853.94,12.3,11.66,5.75
23-05-2019 07:00,36.34,2.11,2.13,1.7,48,33.44,12512.4,865.78,9.85,8.68,5.78
24-05-2019 07:00,37.02,2.58,2.59,1.7,48.93,33.63,12597.87,866.14,18.28,18.22,5.82
25-05-2019 07:00,37.28,2.64,2.67,1.69,45.35,34.07,12272.12,853.06,15.34,15.31,5.83
26-05-2019 07:00,13.46,1.11,1.06,1.48,17.7,17.72,4291.7,833.13,6.8,7.71,1.95
27-05-2019 07:00,17.3,1.35,1.16,1.22,17.96,16.18,5032.78,794.14,2.72,3.5,2.31
28-05-2019 07:00,36.39,2.54,2.56,1.7,47.03,34.28,13122.4,862.08,20.48,20.57,5.8
29-05-2019 07:00,37,1.82,1.84,1.7,48.99,34.83,13085.75,850.91,18.83,18.05,5.85
30-05-2019 07:00,37,0.93,0.89,1.7,49,34.96,13062.85,846.31,20.18,20.23,5.83
31-05-2019 07:00,37.3,0.83,0.45,1.7,48.25,34.8,12977.57,842.32,13.54,13.78,5.76
1/6/2019 7:00,38.34,1.12,1.06,1.7,50,35.12,12943.93,849.6,16.91,17.18,5.86
2/6/2019 7:00,39.36,1.6,1.57,1.7,50,34.93,13077.46,847.04,17.9,17.79,5.83
3/6/2019 7:00,36.22,2.06,2.07,1.7,49.94,34.53,12968.44,861.66,18.37,18.43,5.8
4/6/2019 7:00,36.63,2.2,2.15,1.7,49.64,34.67,12688.67,867.13,15.92,14.05,5.8
5/6/2019 7:00,34.88,2.23,1.99,1.7,50,37.24,13132.84,863.13,18.68,16.94,5.77
6/6/2019 7:00,36.1,2.67,2.6,1.7,50,37.31,13021.2,866.86,19.85,19.39,5.82
7/6/2019 7:00,35.06,2.13,1.98,1.7,56.68,36.69,12623.24,873.96,18.09,16.91,5.68
8/6/2019 7:00,33.12,2.32,2.27,1.7,60.2,37.74,12851.3,876.66,6.74,6.93,5.76
9/6/2019 7:00,34.69,2.08,2,1.7,59.59,37.88,12924.25,870.56,17.51,16.71,5.89
10/6/2019 7:00,34.01,2.65,2.75,1.7,57.38,35.67,12380.23,868.13,16.22,16.47,5.77
11/6/2019 7:00,0.02,0.05,0.03,0.95,0.03,2.49,9.37,784.41,0,0,0.01
12/6/2019 7:00,8.73,0.7,0.49,0.97,12.74,9.13,2551.06,819.62,2.11,2.22,1.17
13-06-2019 07:00,22.46,1.69,1.71,1.58,32.64,26.3,8041.35,892.1,2.49,2.58,3.65
14-06-2019 07:00,8.98,0.62,0.69,1.34,13.78,13.06,2716.66,853.96,3.1,3,1.25
15-06-2019 07:00,20.22,1.38,1.69,1.38,27.62,22.87,6459.56,863.76,1.04,1.83,2.95
16-06-2019 07:00,35,1.37,2.9,1.7,52.2,37.88,12718.8,889.56,11.45,27.86,5.75
17-06-2019 07:00,36.12,2.21,3.03,1.7,51.78,37.72,12729.04,882.84,6.63,15.69,5.76
18-06-2019 07:00,32.59,1.26,2.01,1.7,46.19,33.64,10981.09,878.09,13.05,15.25,4.97
19-06-2019 07:00,36,2.54,2.56,1.7,52.26,37.76,12795.71,891.78,12.92,12.99,5.74
20-06-2019 07:00,35.91,2.02,2.07,1.7,51.85,37.45,12466.19,884.08,18.61,18.98,5.71
21-06-2019 07:00,20.58,1.4,1.4,1.35,27.05,21.42,6731.88,867.5,4.5,5.04,2.96
22-06-2019 07:00,31.2,2.45,2.46,1.7,47.79,35.39,11664.13,919.86,11.68,11.64,5.3
23-06-2019 07:00,35.87,2.43,2.45,1.7,51.5,37.88,12647.74,908.14,20.54,20.54,5.72
24-06-2019 07:00,36.77,4.5,4.75,1.7,51.55,37.45,12453.3,915.64,15.93,16.2,5.62
25-06-2019 07:00,34.63,4,4.12,1.7,49.49,36.56,12397.91,915.83,14.04,14.17,5.68
26-06-2019 07:00,36.16,4.29,4.28,1.7,50.59,37.39,12517.32,913.48,22.75,23.13,5.72
27-06-2019 07:00,37.91,4.77,4.89,1.7,51.39,36.77,12339.25,905.39,15.83,17.96,5.63
28-06-2019 07:00,34.63,4.51,4.51,1.7,50.28,37.65,12611.87,901.71,20.27,20.28,5.76
29-06-2019 07:00,34.05,4.15,4.15,1.7,51.99,37.9,12603.14,903.11,6.25,7.31,5.75
30-06-2019 07:00,34.58,4.34,4.27,1.7,52.28,37.2,12181.13,915.43,1.32,1.33,5.64
1/7/2019 7:00,32.37,4.09,4.13,1.68,45.01,34.74,11057,896.64,10.66,11.02,5.36
2/7/2019 7:00,31.71,4.12,4.17,1.69,42.44,32.78,11179.55,896.71,2.94,2.73,5.15
3/7/2019 7:00,31.83,4.16,4.09,1.7,46.24,34,11327.45,894.74,5.08,6.47,5.37
4/7/2019 7:00,31.55,4.84,4.84,1.7,49.68,35.79,12120.9,896.18,5.37,5.35,5.56
5/7/2019 7:00,35.47,5.11,5.21,1.7,53.48,37.92,12738.97,898.19,14.43,14.48,5.72
6/7/2019 7:00,37.14,5.31,5.31,1.7,53.81,37.56,12803.71,887.64,10.87,12.87,5.79
7/7/2019 7:00,34.95,4.46,4.49,1.7,53.83,37.74,12472.32,903.24,21.03,21.15,5.66
8/7/2019 7:00,36.62,4.9,4.91,1.7,55.01,37.56,12816.3,902.27,20.84,20.92,5.75
9/7/2019 7:00,36.31,3.76,3.76,1.7,53.55,37.37,12431.23,902.12,9.7,10.1,5.69
10/7/2019 7:00,36.65,4.13,4.11,1.7,50.46,37.57,12329.63,883.94,17.68,17.24,5.66
11/7/2019 7:00,36.25,2.88,2.89,1.7,47.94,36.43,11905.53,898.95,19.92,20.02,5.48
12/7/2019 7:00,36.79,3.31,3.16,1.7,51.04,36.44,12006.02,911.81,10.01,9.67,5.42
13-07-2019 07:00,36.82,3.9,4.02,1.7,54.42,35.97,12247.02,911.43,9.97,10.36,5.44
14-07-2019 07:00,35.7,4.88,4.9,1.7,54.8,36.7,12600.08,901.13,16.92,16.97,5.41
15-07-2019 07:00,31.58,4.74,4.63,1.7,44.74,33.37,11144.52,894.53,6.33,6.37,5.01
16-07-2019 07:00,35.45,4.14,3.98,1.68,51.55,36.85,12093.2,898.81,14.99,21.1,5.29
17-07-2019 07:00,35,4.11,3.98,1.7,54.55,38.05,12803.1,889.58,6.52,6.08,5.74
18-07-2019 07:00,38.71,3.85,3.87,1.68,52.5,38,12625.51,880.11,16.66,17.04,5.53
19-07-2019 07:00,35.36,4.31,4.33,1.68,48.64,36.82,12460.67,872.03,12.26,12.24,5.59
20-07-2019 07:00,36.99,4.09,4.1,1.68,49.8,36.81,12486.92,866.6,20.12,20.17,5.62
21-07-2019 07:00,35.01,3.73,3.69,1.67,54.08,36.79,12424.87,859.08,11.06,12.66,5.6
22-07-2019 07:00,27.76,2.84,2.78,1.6,41.58,30.25,10032.12,853.12,14.9,13.95,4.38
23-07-2019 07:00,10.59,1.1,1.05,1.08,14.07,9.76,2833.33,838.18,1.07,1.31,1.23
24-07-2019 07:00,40.1,3.65,3.8,1.67,51.39,36.43,12199.52,875.37,11.43,11.46,5.43
25-07-2019 07:00,25.4,1.96,1.96,1.57,36.3,25.35,8102.99,851.43,11.22,11.27,3.66
26-07-2019 07:00,17.35,1.57,1.57,1.35,23.09,17.85,5055.89,866.75,8.71,8.74,2.32
27-07-2019 07:00,36.66,4.2,4.29,1.67,51.07,37.84,12785.05,853.39,19.25,19.46,5.7
28-07-2019 07:00,37.82,4.47,4.38,1.68,55.59,37.31,12803.7,855.05,19.7,19.05,5.72
29-07-2019 07:00,38.62,3.65,3.64,1.68,54.28,37.48,12740.4,854.69,18.07,17.96,5.52
30-07-2019 07:00,38.44,3.45,3.48,1.67,53.91,37.66,12889.45,838.66,22.34,21.22,5.52
31-07-2019 07:00,39,3.98,4.02,1.68,50.63,37.63,12751.42,850.03,17.54,17.64,5.43
1/8/2019 7:00,38.58,4.56,4.6,1.68,50,37.58,12962.89,832.12,13.28,13.38,5.6
2/8/2019 7:00,37.89,4.34,4.42,1.68,49.47,37.57,12521.07,830.61,17.05,15.31,5.55
3/8/2019 7:00,36.63,3.85,3.87,1.68,51.42,37.38,12500.82,812.39,16.85,17.01,5.54
4/8/2019 7:00,33.81,3.81,3.74,1.67,45.59,33.58,11404.28,818.97,15.57,15.33,5.03
5/8/2019 7:00,36.97,4.07,4.06,1.68,53.57,36.49,13042.17,810.15,12.72,12.88,5.78
6/8/2019 7:00,38,3.95,3.96,1.68,54,36.79,12669.53,822.76,14.66,14.95,5.5
7/8/2019 7:00,38,4.08,4.08,1.69,54,36.93,12924.86,816.96,16.74,17.25,5.6
8/8/2019 7:00,19.65,2.1,1.85,1.48,33.22,21.2,6429.34,817.4,10.82,9.79,2.92
9/8/2019 7:00,36.3,3.76,3.71,1.68,53.17,37.07,12949.42,804.54,11.68,12.4,5.69
10/8/2019 7:00,37,4.58,4.25,1.68,53.65,37.13,12907.96,813.87,12.56,11.78,5.61
11/8/2019 7:00,36.95,3.93,3.69,1.68,56.81,36.1,12405.51,800.48,16.25,15.61,5.53
12/8/2019 7:00,38.5,3.72,3.61,1.68,48.68,35.72,12888.54,787.92,15.85,15.37,5.7
13-08-2019 07:00,38.01,2.91,2.84,1.69,50.95,35.87,12978.88,806.17,15.97,15.71,5.76
14-08-2019 07:00,38,2.46,2.68,1.68,50.11,37.26,12966.57,812.03,17.29,16.19,5.72
15-08-2019 07:00,38,3.04,3.1,1.68,54,37.7,12887,821.85,14.45,12.78,5.65
16-08-2019 07:00,35.93,3.77,3.83,1.68,53.25,36.89,12656.08,822.86,12.85,14.67,5.51
17-08-2019 07:00,37.2,4.26,4.37,1.68,53.27,36.38,12378.24,822.27,6.93,5.44,5.37
18-08-2019 07:00,37.76,3.9,3.91,1.68,52.77,36.39,12872.12,815.54,8.28,8.59,5.56
19-08-2019 07:00,38.13,3.08,3.43,1.68,54.79,36.88,12601.72,821.14,6.74,8.6,5.49
20-08-2019 07:00,37.57,4.22,4.21,1.68,54.64,36.83,13171.65,835.71,5.78,6.18,5.69
21-08-2019 07:00,34.83,5.07,6.31,1.68,48.34,34.82,11412.84,844.31,3.48,7.35,5.21
22-08-2019 07:00,33.66,5.3,6.74,1.68,51.26,35.48,11956.57,841.7,6.75,7.91,5.78
23-08-2019 07:00,0,0.35,0.51,0.45,0,6.76,-36.07,545.04,0,0,0.25
24-08-2019 07:00,0,0,0,0,0,58.28,0,168.09,0,0,0
25-08-2019 07:00,0,0,0,0,0,80,-0.91,1231.66,0,0,0
26-08-2019 07:00,0,0,0,0,0,80,0,1400,0,0,0
27-08-2019 07:00,0,0,0,0,0,80,0,617.26,0,0,0
28-08-2019 07:00,0,0,0,0,0,80,0,101.41,0,0,0
29-08-2019 07:00,0,0,0,0,0,80,0,52.68,0,0,0
30-08-2019 07:00,0,0,0,0,0,80,0,32.98,0,0,0
31-08-2019 07:00,53.66,0,0,0,0,80,0,378.26,0,0,0
1/9/2019 7:00,65,0,0,0,0,80,0,734.68,0,0,0
2/9/2019 7:00,65,0,0,0,0,80,0,509.93,0,0,0
3/9/2019 7:00,65,0,0,0,0,80,0,378.49,0,0,0
4/9/2019 7:00,65,0,0,0,0,80,0,52.35,0,0,0
5/9/2019 7:00,65,0,0,0,0,80,0,43.49,0,0,0
6/9/2019 7:00,65,0,0,0,0,80,0,43.49,0,0,0
7/9/2019 7:00,65,0,0,0,0,97.21,0,43.49,0,0,0
8/9/2019 7:00,12.11,0,0,0,0,100,0,43.49,0,0,0.03
9/9/2019 7:00,0,0,0,0,0,100,0,31.66,0,0,0
10/9/2019 7:00,0,0,0,0,0,100,0,28.75,0,0,0.01
11/9/2019 7:00,0,0,0,0,0,100,0,28.75,0,0,0.01
12/9/2019 7:00,0,0,0,0,0,100,0,28.75,0,0,0.01
13-09-2019 07:00,0,0,0,0,0,100,0,28.75,0,0,0
14-09-2019 07:00,62.71,0,0,0,0,100,0,28.75,0,0,0.01
15-09-2019 07:00,100,0,0,0,0,100,0,28.75,0.01,0.01,0.01
16-09-2019 07:00,100,0,0,0,0,100,0,39.32,0,0,0.06
17-09-2019 07:00,100,0,0,0,0,100,-4.47,31.22,0,0,0.03
18-09-2019 07:00,100,0,0,0,0,100,0,32.79,0,0,0.2
19-09-2019 07:00,49.79,0,0,0,0.14,40.83,81.39,76.93,0,0,0.08
20-09-2019 07:00,0,0.11,0,0,0,0.04,115.95,294.66,0,0,0.07
21-09-2019 07:00,0,7.04,0.3,0.31,0,3.19,0,562.66,0,0,0
22-09-2019 07:00,2.62,0.2,0.09,0.78,2.7,4.36,174.48,824.88,0,0,0.07
23-09-2019 07:00,19.73,1.86,1.87,1.08,27.48,20.82,5369.28,928.42,0,0,2.45
24-09-2019 07:00,19.07,3.27,3.32,1.31,31.21,23.5,6708.79,912.08,0,0,2.98
25-09-2019 07:00,21.53,3.02,3.33,1.54,24.53,24.01,6855.77,916.85,0,0,3.03
26-09-2019 07:00,15.34,2.44,2.58,1.38,21.22,20.04,5734.53,910.01,0,0,2.48
27-09-2019 07:00,32.65,4.26,4.29,1.66,44.8,34.46,11586.09,955.45,6.9,6.92,4.99
28-09-2019 07:00,34.56,4.62,4.58,1.68,45.06,36.54,12525.14,925.41,14.7,14.98,5.34
29-09-2019 07:00,15.75,2.26,2.27,1.38,21,19.47,5525.97,891.78,0,0,2.49
30-09-2019 07:00,0,0,0,0.97,7.51,4.03,-1.82,810.2,0,0,0
1/10/2019 7:00,0.5,0.09,0,0.92,1.05,4.7,157.8,826.81,0,0,0.08
2/10/2019 7:00,24.26,3.45,3.92,1.33,45.02,18.42,5684.32,961.37,3.32,4.98,2.52
3/10/2019 7:00,25.32,3.16,4.32,1.3,58.76,19.64,6131.69,990.77,8.14,6.52,2.84
4/10/2019 7:00,24.43,3.31,3.27,1.3,62.95,18.78,6294.61,999.09,0.81,1.31,2.82
5/10/2019 7:00,24.31,3.23,2.64,1.33,54.31,20.73,7059.8,970.59,8.23,8.1,3.16
6/10/2019 7:00,28.64,2.89,2.85,1.58,42.49,28.39,8681.43,915.68,0.37,0.44,3.82
7/10/2019 7:00,24.35,2.52,2.45,1.63,40.44,25.37,7685.73,900.24,12.36,12.55,3.48
8/10/2019 7:00,16.4,1.18,1.06,1.29,26.73,16.08,4428.47,885.41,4.79,5.61,1.98
9/10/2019 7:00,35.31,2.57,2.53,1.59,59.37,33.09,11235.42,875.5,2.84,2.86,4.92
10/10/2019 7:00,37.51,3.39,3.28,1.68,66.41,36.93,12491.56,878.24,14.21,15.49,5.49
11/10/2019 7:00,39.64,1.54,1.39,1.68,58.12,35.9,11861.11,878.53,22.64,22.65,5.23
12/10/2019 7:00,38.94,1.89,1.88,1.68,62.7,35.31,11896.59,889.22,7.12,6.71,5.26
13-10-2019 07:00,37.23,3.62,3.6,1.68,64.45,35.53,11973.21,873.42,17.15,17.8,5.33
14-10-2019 07:00,39.38,4.43,4.31,1.68,61.74,34.25,11320.59,877.69,8.12,7.42,5.06
15-10-2019 07:00,14.03,1.62,1.68,1.34,24.6,13.43,3685.41,902.51,3.04,3.36,1.8
16-10-2019 07:00,33.23,2.47,2.38,1.56,59.96,28.59,10275.07,924.39,14.2,14.16,4.71
17-10-2019 07:00,32.91,2.53,2.6,1.68,60.25,32.83,10795.48,867.76,20.59,19.08,4.89
18-10-2019 07:00,19.36,1.34,1.26,1.39,23.77,18.71,4879.19,863.16,0.75,0,2.26
19-10-2019 07:00,39.37,3.27,3.1,1.68,65.74,35.98,12036.41,849.69,17.5,18.37,5.49
20-10-2019 07:00,39.36,3.46,3.47,1.68,69.78,35.76,12343.1,851.85,20.41,20.5,5.59
21-10-2019 07:00,25.01,2.3,2.36,1.52,35.75,22.39,6714.96,870.09,10.01,10.11,3.07
22-10-2019 07:00,34.31,3.14,3.13,1.68,56.09,30.78,9730.98,860.86,9.81,9.74,4.52
23-10-2019 07:00,44.69,3.83,3.83,1.68,60.67,36.03,12298.32,834.68,21.41,22.33,5.75
24-10-2019 07:00,40.09,4.77,4.82,1.68,56.03,35.14,11952.08,836.2,3.46,2.66,5.53
25-10-2019 07:00,38.47,4.67,4.73,1.69,54.52,35.29,12135.9,827.25,10.72,10.93,5.46
26-10-2019 07:00,44.01,4.65,4.75,1.7,55.25,36.31,12065.77,819.83,17.63,18.18,5.48
27-10-2019 07:00,38.86,5.18,5.39,1.72,56.53,35.68,12108.95,807.51,19.55,19.94,5.46
28-10-2019 07:00,37.33,5.33,5.36,1.75,54.65,35.45,11916.92,810.74,16.05,16.23,5.42
29-10-2019 07:00,42.75,4.97,4.98,1.76,54.8,34.74,12049.68,767.2,14.24,14.33,5.56
30-10-2019 07:00,39.43,4.38,4.26,1.76,56.74,34.28,12206.2,779.97,15.82,22.55,5.44
31-10-2019 07:00,37.37,3.89,3.9,1.75,53.31,33.91,11662.58,793.77,10.85,11.05,5.22
1/11/2019 7:00,44.54,3.13,2.98,1.73,57.17,34.38,12094.87,786.44,16.13,17.58,5.53
2/11/2019 7:00,41.99,3.05,3.03,1.72,55.68,35.91,12118.74,792.93,11.22,11.82,5.44
3/11/2019 7:00,42.52,3.23,3.23,1.72,56.22,36.77,12427.55,770.72,17.62,17.07,5.65
4/11/2019 7:00,45.61,3.85,3.84,1.76,60.61,36.97,12911.82,826.99,18.47,18.56,5.84
5/11/2019 7:00,43.43,3.58,3.57,1.75,58.3,36.05,12343.35,837.1,17.43,17.79,5.69
6/11/2019 7:00,44.49,2.8,2.82,1.74,52.08,35.42,12281.83,812.96,15.94,16.01,5.56
7/11/2019 7:00,44.66,2.42,2.3,1.74,54.65,34.55,11951.96,809.76,13.09,13.02,5.5
8/11/2019 7:00,43.43,3.11,2.97,1.74,55.45,36.66,12585.88,822.89,9.48,9.8,5.64
9/11/2019 7:00,44.18,2.54,2.55,1.74,53.93,36.03,12478.05,812.92,11.16,11.51,5.67
10/11/2019 7:00,41.83,3.23,3.2,1.75,57.21,36.41,12558.01,809.59,14.15,14.61,5.64
11/11/2019 7:00,44.25,2.81,2.8,1.74,57.48,36.84,12628.64,805.69,5.4,5.6,5.72
12/11/2019 7:00,44.91,3.15,3.15,1.74,60.34,37.19,12949.99,795.29,13.37,13.45,5.82
13-11-2019 07:00,46.42,3.41,3.4,1.74,58.91,37.61,12895.92,811.66,12.21,12.28,5.98
14-11-2019 07:00,48.14,3.27,3.25,1.74,56.98,36.84,13070.25,791.48,9.65,9.73,5.8
15-11-2019 07:00,48.14,3.26,3.28,1.74,58.01,36.58,12980.08,790.17,13.15,13.12,5.79
16-11-2019 07:00,46.47,2.57,2.61,1.75,56.08,36.57,13170.48,777.99,11.61,10.15,6.02
17-11-2019 07:00,47.6,3.1,3.11,1.74,55.65,36.96,12725.15,767.23,11.11,11.14,5.93
18-11-2019 07:00,42.94,2.74,2.7,1.74,55.74,34.81,12194.76,805.72,11.39,10.63,5.79
19-11-2019 07:00,45.77,3.06,3.04,1.74,58.01,37.31,13013.36,795.79,0,0,6.23
20-11-2019 07:00,27.83,1.87,1.73,1.69,38.25,24.24,7600.51,831.52,2.62,2.44,3.66
21-11-2019 07:00,46.32,2.9,2.93,1.74,59.26,37.57,12839.83,815.56,3.38,2.94,6.03
22-11-2019 07:00,47.24,3.13,2.99,1.74,60.05,37.4,12638.62,781.96,6.81,6.32,5.8
23-11-2019 07:00,45.36,2.98,2.42,1.74,54.68,36.22,12395.9,760.96,9.81,7.89,5.74
24-11-2019 07:00,35.48,2.45,2.51,1.71,40.93,30.16,9989.28,763.91,7.32,6.58,4.7
25-11-2019 07:00,8.85,0.43,0.34,1.09,11.8,7.73,1553.45,822.01,1.65,1.46,0.71
26-11-2019 07:00,42.41,2.66,2.68,1.73,54.33,35.78,11989.72,860.61,0,0.23,5.59
27-11-2019 07:00,41.03,3.18,3.16,1.72,51.42,35.64,12485.61,864.72,4.57,4.55,5.76
28-11-2019 07:00,47.1,2.98,2.99,1.72,56.45,36.98,12481.55,844.66,11.68,11.74,5.84
29-11-2019 07:00,48.14,3.35,3.38,1.72,56.83,35.41,12540.64,813.58,23.61,24.16,5.83
30-11-2019 07:00,46.83,1.82,1.83,1.72,49.21,35.77,12498.68,817,18.35,18.56,5.71
1/12/2019 7:00,46.23,3.42,3.42,1.73,56.21,36.32,12711.94,813.05,15.89,15.93,5.87
2/12/2019 7:00,28.77,1.28,1.49,1.5,34.06,23.75,7430.33,830.33,11.25,12,3.56
3/12/2019 7:00,43.42,2.69,2.63,1.7,54.26,33,11842.16,813.33,16.85,16.54,5.46
4/12/2019 7:00,44.09,3.01,2.99,1.74,53.1,35.85,12890.78,790.21,22.06,21.86,5.81
5/12/2019 7:00,46.48,1.85,1.78,1.74,54.95,35.12,12687.73,782.34,21.26,19.58,5.83
6/12/2019 7:00,45.61,1.03,0.99,1.74,57.74,36.31,12797.9,791.36,23.81,23.05,5.8
7/12/2019 7:00,47.12,1.15,1.15,1.74,61.43,38.04,12868.94,785,20.78,20.84,5.88
8/12/2019 7:00,47.49,1.29,1.21,1.74,60.02,37.48,12699.19,783.41,21.18,20.34,5.64
9/12/2019 7:00,48.88,1.53,1.55,1.74,60.83,36.56,12795.74,781.94,11.47,11.85,5.71
10/12/2019 7:00,46.33,1.59,1.6,1.73,57.69,36.38,12654.76,794.78,21.1,20.68,5.74
11/12/2019 7:00,40.93,1.24,1.2,1.71,48.43,31.74,11009.64,820.08,0.21,0.65,4.88
12/12/2019 7:00,42.08,1.56,1.52,1.71,54.16,33.26,11561.56,819.03,20.56,20.23,5.29
13-12-2019 07:00,44.16,1.03,1.08,1.72,52.87,34.8,12234.54,819.88,18.49,17.87,5.6
14-12-2019 07:00,48.16,1.11,1.12,1.72,62.47,37.1,12865.11,812,19.76,19.79,5.85
15-12-2019 07:00,45.45,1.26,1.25,1.72,59.28,37.21,12716.63,809.11,21.51,20.83,5.9
16-12-2019 07:00,45.9,0.96,0.97,1.72,67.79,37.38,12967.55,805.95,23.13,23.34,5.77
17-12-2019 07:00,49.04,1.34,1.35,1.72,65.8,36.9,12877.39,809.44,9.12,9.25,5.8
18-12-2019 07:00,46.91,1.49,1.45,1.72,60.38,35.88,12697.02,769.09,13.46,13.4,5.74
19-12-2019 07:00,45.74,2.21,2.12,1.72,54.81,35.83,12553.59,786.81,9.32,9.14,5.67
20-12-2019 07:00,46.06,2.05,2.03,1.72,56.74,36.46,13065.57,775.97,17.93,17.83,5.81
21-12-2019 07:00,43.03,2.46,2.46,1.72,54.45,34.62,12161.73,770.55,22.31,19.98,5.6
22-12-2019 07:00,45.46,1.66,1.63,1.72,59.18,36.93,12934.86,780.24,21.58,21.3,5.86
23-12-2019 07:00,44.6,1.11,1.09,1.72,55.94,36.32,12779.44,778.26,17.08,16.8,5.76
24-12-2019 07:00,48.37,0.54,0.4,1.72,59.77,36.63,13021.05,766.69,22.76,22.67,5.67
25-12-2019 07:00,49.05,0.9,0.91,1.72,57.08,35.71,12864.09,754.66,22.54,22.16,5.82
26-12-2019 07:00,43.11,1.13,1.13,1.72,50.58,33.78,11779.91,785.54,23.07,23.05,5.31
27-12-2019 07:00,42.41,1.46,1.46,1.72,50.16,34.46,12296.36,771.67,18.21,17.6,5.48
28-12-2019 07:00,43.33,1.39,1.41,1.72,60.6,36.37,13042.51,771.35,25.52,25.88,5.97
29-12-2019 07:00,44.83,1.07,1.07,1.72,54.71,36.81,13028.87,764.18,24.9,24.98,5.87
30-12-2019 07:00,41.95,1.11,1.06,1.72,57,36.31,12958.73,765.12,13.35,13.04,5.97
31-12-2019 07:00,41.46,0.6,0.51,1.72,57.58,37.16,12994.84,752.04,24.98,24.41,6.1
1/1/2020 7:00,30.62,0.25,0.24,1.67,37.87,30.35,8577.98,758.64,18.37,17.71,4.02
2/1/2020 7:00,0,0,0,0.84,0,6.55,0.9,767.52,0,0,0
3/1/2020 7:00,24.95,0.66,0.62,1.24,31.93,20.6,6652.18,842.9,5,4.78,3.21
4/1/2020 7:00,19.96,0.18,0.09,1.44,21.39,16.56,3901.74,854.41,4.5,4.5,1.86
5/1/2020 7:00,6.43,0.4,0.66,1.09,6.77,8.08,1471.88,799.18,0,0,0.67
6/1/2020 7:00,34.36,1.3,1.3,1.52,39.7,26.86,9232.52,843.7,13.76,13.8,4.35
7/1/2020 7:00,15.29,0.79,0.8,1.54,23.51,15.26,4792.4,829.14,1.43,1.43,2.2
8/1/2020 7:00,16.17,0.84,0.81,1.49,23.03,18.15,4141.34,798.41,0,0,2.01
9/1/2020 7:00,43.75,1.42,1.42,1.68,50.25,35.38,11785.42,813.41,19.82,19.51,5.46
10/1/2020 7:00,46.72,1.1,1.1,1.72,56.45,36.23,12512.85,795.93,24.84,24.78,6.04
11/1/2020 7:00,43.82,1.55,1.47,1.72,55.33,36.1,12715.55,777.7,12.2,12.48,6.16
12/1/2020 7:00,45.78,0.69,0.67,1.7,54.97,36.07,12603.88,779.15,25.26,24.44,6.02
13-01-2020 07:00,37.6,0.91,0.92,1.67,46.28,31.23,10169.65,778.53,10.43,10.46,4.84
14-01-2020 07:00,34.42,1.18,1.16,1.66,45.93,30.18,10009.92,781.55,11.1,10.89,4.84
15-01-2020 07:00,46.04,1.52,1.52,1.72,57.92,36.79,12608.95,796.67,10.59,10.53,6.24
16-01-2020 07:00,44.07,2.15,2.14,1.72,58.24,37.45,12665.44,787.85,17.82,17.61,6.29
17-01-2020 07:00,47.44,1.98,1.98,1.7,66.46,35.67,12887.13,788.44,27.17,27.16,6.17
18-01-2020 07:00,49.97,1.66,1.67,1.71,60.1,35.78,12484.15,790.35,13.27,13.22,6.03
19-01-2020 07:00,46.08,1.48,1.48,1.72,61.62,36.92,13194.98,772.56,27.18,27.26,6.32
20-01-2020 07:00,46.59,1.64,1.65,1.72,59.47,36.45,13050.49,778.74,17.25,17.34,6.32
21-01-2020 07:00,45.53,1.81,1.87,1.72,62.88,36.94,13017.56,796.42,9.74,10.11,6.35
22-01-2020 07:00,42.63,0.57,0.53,1.72,55.7,33.94,11834.92,797.94,23.44,23.25,5.95
23-01-2020 07:00,46.04,0.72,0.72,1.72,66.23,37.09,12958.1,805.39,20.32,20.13,6.2
24-01-2020 07:00,45.22,1.2,1.18,1.72,68.27,37.28,12933.83,792.44,13.2,12.5,6.19
25-01-2020 07:00,47.08,0.84,0.79,1.72,69.43,37.3,13071.38,791.53,12.8,12.79,6.17
26-01-2020 07:00,44.94,1.65,1.63,1.72,64.76,35.76,12327.37,805.52,20.17,19.7,5.91
27-01-2020 07:00,45.76,2.12,2.11,1.72,62.62,36.82,12688.72,798.67,14.56,14.12,6.13
28-01-2020 07:00,44.68,2.22,2.19,1.69,60.27,37.35,12821.98,813.55,11.56,12.48,6.18
29-01-2020 07:00,41.1,2.78,2.8,1.68,63.5,37.56,12961.97,793.4,25.62,25.28,6.25
30-01-2020 07:00,34.93,2.22,2.18,1.64,52.43,30.22,9855.42,812.03,17.19,16.88,4.76
31-01-2020 07:00,45.5,2.97,2.97,1.68,64.91,37.91,12725.69,815.75,23.53,23.59,6.15
1/2/2020 7:00,40.13,2.12,2.12,1.59,50.89,33.97,10639.03,822.15,18.46,18.48,5
2/2/2020 7:00,47.46,2.18,2.12,1.68,58.39,37.58,12673.01,813.8,21.3,20.32,6.09
3/2/2020 7:00,40.2,1.79,1.69,1.68,54.21,34.28,11473.57,821.1,22.66,19.81,5.43
4/2/2020 7:00,43.33,1.44,1.46,1.68,57.59,36.87,12112.77,828.53,22.18,21.11,5.92
5/2/2020 7:00,34.4,1.56,1.65,1.66,42.61,28.66,9006.97,843.62,13.99,13.64,4.19
6/2/2020 7:00,45.08,2.97,2.99,1.69,59.45,37.45,12834.76,803.09,20.24,20.04,5.9
7/2/2020 7:00,45,2.36,2.38,1.68,55.34,37.68,13153.21,798.44,25.83,25.26,5.91
8/2/2020 7:00,44.74,2.74,2.76,1.68,60.41,37.29,12738.71,806.93,10.68,10.34,5.87
9/2/2020 7:00,18.64,1.06,0.96,1.26,26.22,16.98,5054.98,801.54,10.28,9.63,2.33
10/2/2020 7:00,43.37,2.52,2.52,1.69,55.73,38.16,12133.46,820.46,15.87,16.2,5.68
11/2/2020 7:00,46.46,2.67,2.66,1.7,63.41,40.84,12686.99,829.24,23.81,23.6,6.07
12/2/2020 7:00,47.28,2.77,2.81,1.7,63.51,36,12897.99,807.6,20.47,20,6.18
13-02-2020 07:00,45.98,2.26,2.25,1.7,61.4,36.22,12975.27,823.84,19.13,19.08,6.17
14-02-2020 07:00,46.11,3.24,3.28,1.7,60,38.06,13198.25,824.99,22.65,21.41,6.2
15-02-2020 07:00,43.7,3.11,3.11,1.7,58.51,37.05,12703.7,870.74,21.72,21.5,5.85
16-02-2020 07:00,44.13,3,3.43,1.7,58.94,36.84,13017.42,830.61,20.04,20.33,6.07
17-02-2020 07:00,38.5,3.11,3,1.64,51.22,33.68,10891.1,851.19,22.77,21.96,5.3
18-02-2020 07:00,35.3,2.06,2.15,1.64,46.06,29.05,9311.7,850.22,15.39,15.25,4.42
19-02-2020 07:00,45.9,2.82,2.78,1.7,59.43,37.75,13051.45,814.23,22.27,21.98,6
20-02-2020 07:00,45.02,2.54,2.57,1.7,60.4,37.74,12747.58,819.97,21.21,21.15,5.94
21-02-2020 07:00,43.84,3.05,3.16,1.7,57.5,37.57,12912.24,809.3,21.5,21.6,6.05
22-02-2020 07:00,19.96,1.13,1.14,1.43,28.58,18.12,4662.26,847.79,7.59,7.64,2.23
23-02-2020 07:00,42.8,2.94,3,1.7,57.94,36.49,12612.35,799.9,22.96,23.13,5.97
24-02-2020 07:00,43.36,2.95,3.01,1.67,52.57,35.93,12404.58,812.11,21.13,21.41,5.73
25-02-2020 07:00,41.83,3.22,3.48,1.7,57.2,36.79,12803.21,808.22,18.15,17.48,5.91
26-02-2020 07:00,31.8,1.88,2.14,1.6,42.08,28.97,9107.41,828.76,13.92,16.02,4.28
27-02-2020 07:00,48,2.84,2.86,1.7,60.19,38.7,12773.08,798.73,16.76,16.64,5.99
28-02-2020 07:00,47.41,2.74,2.78,1.69,58.93,39.47,12672.63,812.58,20.22,19.66,5.81
29-02-2020 07:00,44.05,2.32,3.39,1.68,55.34,38.87,12606.94,785.82,15.78,17.34,5.89
1/3/2020 7:00,46.67,1.63,3.92,1.68,56.28,38.11,12711.66,789.3,16.43,11.9,5.97
2/3/2020 7:00,37.5,2.64,3.25,1.68,50.44,34.36,11479.64,837.72,8.88,9.33,5.56
3/3/2020 7:00,42.51,2.49,2.84,1.68,62.21,37.69,12603.52,802.02,4.65,4.99,5.98
4/3/2020 7:00,44.71,2.84,3.42,1.68,57.16,37.57,12794.05,806.3,8.26,8.64,6.07
5/3/2020 7:00,47.27,2.77,3.06,1.68,57.09,37.47,12803.03,790,4.17,4.79,5.99
6/3/2020 7:00,35.54,1.89,2.07,1.54,44.09,29.12,9201.13,828.38,4.6,4.5,4.31
7/3/2020 7:00,31.9,1.87,1.6,1.68,39.85,25.61,7930.23,820.1,2.68,2.95,3.65
8/3/2020 7:00,45.94,2.43,2.89,1.68,54.46,37.22,12527.86,795.46,9.14,7.6,5.99
9/3/2020 7:00,42.62,2.79,3.15,1.68,54.15,37.03,12659.19,829.85,3.44,3.56,5.99
10/3/2020 7:00,44.31,2.68,3.2,1.68,58.77,37.03,12769.13,803.95,8.38,8.72,6.16
11/3/2020 7:00,46.44,2.75,2.91,1.67,57.28,37.18,12675.41,795.73,7.77,8.52,6.01
12/3/2020 7:00,49.97,2.92,2.93,1.68,61.05,37.73,13094.89,785.29,8.25,7.57,6.17
13-03-2020 07:00,45.37,2.57,2.47,1.68,56.37,35.72,12536.49,794.18,3.71,3.64,5.88
14-03-2020 07:00,47.41,2.18,2.27,1.68,56.96,36.5,12669.93,807.47,9.19,10.02,5.92
15-03-2020 07:00,45.93,2.49,2.36,1.68,58.93,36.72,12375.25,792.58,4.57,4.35,6.02
16-03-2020 07:00,42.93,2.35,2.19,1.68,52.42,33.75,11808.06,778.07,6.4,6.07,5.65
17-03-2020 07:00,47.34,2.64,2.47,1.69,58.11,36.89,12800.34,759.92,10.23,9.7,6.2
18-03-2020 07:00,45.89,2.31,2.3,1.68,56.03,36.97,12778.47,764.77,14.45,14.46,6.28
19-03-2020 07:00,44.14,2.72,2.63,1.68,59.64,37.18,12783,783.42,20.5,19.85,6
20-03-2020 07:00,36.76,2.89,2.82,1.67,52.61,33,10705.38,822.13,16.67,16.65,5.04
21-03-2020 07:00,41.8,2.76,2.59,1.68,51.1,31.98,10493.81,802.84,15.45,14.75,5.26
22-03-2020 07:00,47.64,2.47,2.37,1.68,58.85,37.42,12989.95,796.73,17.6,17.01,6.13
23-03-2020 07:00,47.41,3,2.91,1.66,57.34,36.21,12753.66,779.84,17.74,17.13,6
24-03-2020 07:00,40.2,2.61,2.53,1.65,53.59,35.26,12249.27,772.46,20.21,19.73,5.97
25-03-2020 07:00,47.01,3.23,3.26,1.64,55.8,36.47,12399.06,796.44,17.56,16.57,6.13
26-03-2020 07:00,41.8,2.89,2.87,1.63,52.28,32.56,11313.5,792.29,15.14,15.19,5.46
27-03-2020 07:00,5.24,0.29,0.32,1.42,8.31,7.54,1242.88,820.01,1.22,2.56,0.61
28-03-2020 07:00,42.48,3.16,3.07,1.63,59.02,35.82,11982.85,894.17,14.13,13.3,5.98
29-03-2020 07:00,46.6,3.28,3.16,1.64,58.11,35.32,12762.88,836.46,17.36,16.84,5.82
30-03-2020 07:00,47.41,2.37,2.28,1.65,59.92,34.96,11690.17,841.33,15.64,15.11,5.73
31-03-2020 07:00,43.11,3.3,3.13,1.67,58.29,34.77,12126.31,849.31,13.71,12.82,5.92
1/4/2020 7:00,21.31,1.72,1.71,1.59,34.31,22.82,7021.06,811.69,11.08,11.13,3.4
2/4/2020 7:00,13.18,1.42,1.45,1.21,19.7,13.82,3662.69,770.57,5.36,4.65,1.77
3/4/2020 7:00,42.15,4.7,4.64,1.68,58.7,37.34,12503.29,820.47,14.07,16.15,6.09
4/4/2020 7:00,36.75,4.29,4.15,1.68,58.95,34.93,11828.5,826.9,16.53,16.82,5.5
5/4/2020 7:00,41.62,4.27,3.86,1.68,60,37.85,12891.96,806.23,18.46,16.71,6.02
6/4/2020 7:00,47.22,4.06,3.81,1.68,56.31,35.64,12831.42,802.6,12.9,12.14,6
7/4/2020 7:00,46.64,3.33,3.13,1.68,54.71,36.2,12604.43,834.13,20.27,19.47,5.86
8/4/2020 7:00,39.37,3.25,3.16,1.68,55.78,36.23,12506.57,835.36,14.67,13.64,6.05
9/4/2020 7:00,42.64,3.62,3.55,1.67,60.16,35.5,12639.57,798.88,15.77,15.75,6.04
10/4/2020 7:00,40.12,4.12,4.11,1.66,53.61,36.99,11849.74,818.48,10.46,11.24,5.85
11/4/2020 7:00,41.62,4.27,4.27,1.67,61.47,37.12,12387.81,821.65,14.91,13.81,6.04
12/4/2020 7:00,43.71,4.19,3.99,1.66,57.29,36.88,12417.5,817.97,23.88,22.96,6.02
13-04-2020 07:00,45.42,3.27,3.27,1.66,57.07,37.04,12493.96,802.99,19.7,19.81,6.19
14-04-2020 07:00,46.9,3.47,3.36,1.68,58.17,35.96,12657.82,795.85,20.32,19.78,6.11
15-04-2020 07:00,47.95,3.7,3.55,1.68,57.79,36.56,12615.46,789.59,22.54,21.68,6.09
16-04-2020 07:00,46.04,3.69,3.28,1.68,57.55,37.2,12663.14,784.72,21.07,18.79,6.13
17-04-2020 07:00,47.31,2.67,2.43,1.68,56.15,35.91,12794.93,785.82,26.29,23.99,6.15
18-04-2020 07:00,46,2.28,1.95,1.68,58.34,36.52,12799.59,818.32,24.01,20.64,6.14
19-04-2020 07:00,44.22,2.87,2.24,1.68,59.76,37.48,12682.49,825.12,26.2,20.65,6.03
20-04-2020 07:00,31.86,1.8,1.78,1.53,40.05,27.13,8883.13,828.47,14.71,14.08,4.12
21-04-2020 07:00,0,0,0.01,0.58,0,4.83,0.87,692.06,0,0,0
22-04-2020 07:00,0,0,0,0.08,0,0.98,-41.06,265.96,0,0,0.4
23-04-2020 07:00,0,0,0,0,0,0,-16.38,88.66,0,0,0
24-04-2020 07:00,0,0,0,0,0,0,0,50.04,0,0,0
25-04-2020 07:00,0,0,0,0,0,0,-7.31,39.48,0,0,0
26-04-2020 07:00,0,0,0,0,0,0,-11.81,32.28,0,0,0
27-04-2020 07:00,0,0,0,0,0,0,0,27.42,0,0,0.03
28-04-2020 07:00,0,0,0,0,0,0,0,24.78,0,0,0
29-04-2020 07:00,0,0,0,0,0,1.34,4.5,138.25,0,0,0
30-04-2020 07:00,0,0.09,0,0,0,5.56,98.88,336.82,0,0,0.13
1/5/2020 7:00,0.39,0.13,0,0.53,3.07,5.85,205.56,725.22,0,0,0.08
2/5/2020 7:00,12.63,0.76,0.59,1.21,14.34,12.13,2585.35,887.35,0,0,1.06
3/5/2020 7:00,26.46,3,3.2,1.57,35.05,24.2,8648.38,879.59,2.11,2.13,4.05
4/5/2020 7:00,30.35,3.9,3.97,1.6,44.25,28.09,11040.77,909.63,14.78,14.89,5.29
5/5/2020 7:00,35.05,3.21,3.13,1.63,41.47,30.94,11833.75,913.2,16.92,17.68,5.69
6/5/2020 7:00,36.61,2.97,3.08,1.66,41.42,31.37,12369.17,908.79,16.02,16.49,5.77
7/5/2020 7:00,40.21,2.68,2.72,1.66,45.57,32.43,12291.37,893.04,19.1,19.33,5.72
8/5/2020 7:00,22.14,1.33,1.17,1.61,25.94,19.51,5826.07,890.1,11.23,9.81,2.92
9/5/2020 7:00,39.94,2.99,2.81,1.66,49.72,34.12,11408.89,886.81,10.41,14.82,5.55
10/5/2020 7:00,39.22,2.36,2.41,1.66,56.27,34.45,11705.17,892.88,0,0,5.36
11/5/2020 7:00,41.03,2.65,2.49,1.68,55.9,36.19,11925.27,891.45,19.49,17.78,5.36
12/5/2020 7:00,41.42,1.76,1.64,1.68,56.8,36.88,11875.72,896.74,13.19,16.45,5.3
13-05-2020 07:00,43.41,2.75,2.67,1.7,50.65,36.27,12526.4,866.06,0,0,5.72
14-05-2020 07:00,42.84,2.09,2.1,1.7,54.57,35.82,12034.86,893.65,4.35,4.37,5.48
15-05-2020 07:00,40.48,2.16,2.06,1.7,50.45,35.82,12275.75,892.59,1.5,1.8,5.21
16-05-2020 07:00,39.13,1.83,1.89,1.7,52.41,34.2,11458.81,873.13,8.25,10.39,5.03
17-05-2020 07:00,39.19,1.91,1.88,1.7,51.25,34.71,11437.69,876.72,1.89,2.55,5.08
18-05-2020 07:00,22.53,1.45,1.53,1.26,29.29,21.4,6455.99,860.45,0,0,3.05
19-05-2020 07:00,41.49,3.46,3.34,1.7,54.21,36.54,12450.76,880.96,5.48,5.62,5.46
20-05-2020 07:00,44.99,3.29,3.14,1.7,55.02,35.19,12563.56,854.3,3.68,7.57,5.59
21-05-2020 07:00,39.7,2.85,2.78,1.73,55.68,36.7,12575.44,895.14,0.19,0.19,5.63
22-05-2020 07:00,40,3.06,2.87,1.74,53.95,36.2,12706.37,887.16,7.32,9.96,5.67
23-05-2020 07:00,40.47,3.04,3.04,1.74,54.65,36.5,12488.38,906.32,0.1,0.1,5.54
24-05-2020 07:00,40.42,3.78,3.75,1.78,55.52,34.75,12336.59,882.8,10.6,11.43,5.33
25-05-2020 07:00,44.57,3.62,3.58,1.78,51.56,34.68,12389.88,858.62,3.24,3.96,5.62
26-05-2020 07:00,43.01,3.01,2.91,1.74,55,36.41,12572.4,866.15,3.45,3.94,5.65
27-05-2020 07:00,41.19,2.53,2.41,1.72,52.54,35.67,12174.25,859.25,6.26,10.11,5.47
28-05-2020 07:00,36.35,2.71,2.72,1.72,50,34.37,11925.6,889.39,1.26,1.23,5.42
29-05-2020 07:00,35.49,3.04,3.06,1.72,50.47,35.46,11913.25,903.72,5.99,6.01,5.45
30-05-2020 07:00,39.97,3.63,3.69,1.7,54.29,36.13,12116.25,888.8,16.79,16.3,5.46
31-05-2020 07:00,41.05,3.91,3.89,1.7,52.02,36.2,12226.84,875.39,19.17,19.18,5.51
1/6/2020 7:00,40.1,3.48,3.37,1.69,53.2,35.89,12103.52,855.42,18.14,17.71,5.52
2/6/2020 7:00,42.67,3.12,2.97,1.7,53.75,35.43,12055.17,844.7,19.08,18.16,5.61
3/6/2020 7:00,41.45,2.83,2.81,1.7,53.62,35.92,12032.18,858.05,9.44,9.84,5.6
4/6/2020 7:00,45,3.02,2.97,1.69,54.97,35.65,12048.47,857,14.16,15.44,5.64
5/6/2020 7:00,35.97,2.89,2.8,1.67,47.72,33.14,11024.07,870.2,5.71,7.6,5.03
6/6/2020 7:00,37.64,3.21,3.22,1.68,51.77,35.35,12046.62,860.68,0.63,0.64,5.61
7/6/2020 7:00,35.38,3.38,3.4,1.68,53.76,34.88,11887.19,846.53,18.33,18.45,5.54
8/6/2020 7:00,43.36,3.81,3.78,1.68,52.66,36.35,12578.12,847.1,22.48,22.3,5.81
9/6/2020 7:00,43.3,3.71,3.43,1.68,51.88,36.38,12259.87,814.4,21.35,19.91,5.74
10/6/2020 7:00,38.87,3.3,3.15,1.68,47.8,33.03,6987.28,841.19,19.6,22.46,5.23
11/6/2020 7:00,42.5,5.13,5.02,1.68,50.44,36.21,16554.97,824.53,16.44,15.4,5.77
12/6/2020 7:00,40.7,4.74,4.81,1.68,49.83,35.47,11748.07,824.65,18.84,19.15,5.53
13-06-2020 07:00,31.16,3.5,3.52,1.68,41.09,29.21,9441.84,848.09,10.82,14.41,4.24
14-06-2020 07:00,40.52,4.39,4.4,1.7,52.64,36.6,12544.14,853.58,18.79,18.53,5.83
15-06-2020 07:00,40.05,3.83,3.83,1.7,51.19,37.04,12472.77,838.44,17.71,17.65,5.7
16-06-2020 07:00,37.13,2.88,2.63,1.7,46.54,33.85,11564.84,853.18,18.15,15.41,5.08
17-06-2020 07:00,44.23,3.71,2.99,1.7,51.57,35.31,12896.63,822.24,20.42,12.55,5.73
18-06-2020 07:00,36.14,3.29,2.75,1.66,44.58,31.49,10526.97,840.33,16.57,11.82,4.74
19-06-2020 07:00,43.17,3.65,3.46,1.7,53.35,36.95,12852.31,853.25,13.85,13.18,5.74
20-06-2020 07:00,42.91,3.48,3.35,1.7,49.84,37.45,12659.6,859.01,19.07,19.99,5.63
21-06-2020 07:00,41.62,3.51,2.92,1.7,55.7,37.06,12890.24,878.84,22.22,20.37,5.77
22-06-2020 07:00,35.6,2.36,2.23,1.64,51.82,30.15,10081.75,898.7,18.65,16.26,4.48
23-06-2020 07:00,8.95,0.76,0.6,1.37,13.57,12.12,2168.78,847.49,0.66,0.73,1
24-06-2020 07:00,43.56,4.3,4.04,1.69,52.65,36.14,12754.73,851.07,14.67,14.69,5.76
25-06-2020 07:00,45.94,3.81,3.79,1.69,53.34,36.27,13101.5,849.03,19.02,19.48,5.81
26-06-2020 07:00,43.21,4.1,4.12,1.68,52.55,36.41,12987.68,854.1,22.4,22.59,5.81
27-06-2020 07:00,44.83,4.11,4.23,1.68,49.7,37.65,12999.57,825.68,15.79,17.5,5.68
28-06-2020 07:00,44.75,4.21,4.37,1.68,51.49,36.08,13010.24,816.86,20.47,21.41,5.76
29-06-2020 07:00,41.41,3.62,3.98,1.66,47.45,33.39,11937.5,808.94,19.13,20.79,5.35
30-06-2020 07:00,40.11,3.81,4.3,1.68,52.7,35.65,12975.66,821,21.53,22.06,5.9
1/7/2020 7:00,14.01,1.18,1.04,1.52,17.65,13.44,3879.37,824.66,6.2,5.65,1.74
2/7/2020 7:00,48.03,3.7,3.97,1.63,51,33.81,12609.91,808.62,12.55,13.48,5.52
3/7/2020 7:00,46.43,3.59,3.88,1.68,53.23,33.89,12503.26,796.25,19.66,21.37,5.61
4/7/2020 7:00,50.91,3.75,4.16,1.68,54.1,35.46,13305.7,785.78,15.3,16.31,5.84
5/7/2020 7:00,45.08,3.7,4.03,1.68,54.62,36.22,13011.98,782.74,21.52,24.5,5.82
6/7/2020 7:00,39.04,3.79,3.92,1.68,48.64,34.51,12582.81,790.7,19.1,19.57,5.6
7/7/2020 7:00,45.23,3.63,3.92,1.68,52.21,36.6,13075.85,786.52,19.59,21.53,5.74
8/7/2020 7:00,22.82,2.01,2.12,1.38,27.04,19.91,5958.71,811.8,4.87,6.46,2.63
9/7/2020 7:00,48.17,4.18,4.61,1.68,55.53,35.7,13242.32,812.62,9.87,11.85,5.83
10/7/2020 7:00,45.91,4.25,4.69,1.68,54,36.38,13248.59,810.49,5.93,5.88,5.83
11/7/2020 7:00,30.03,2.45,2.78,1.53,30.44,24.98,7961.55,801.32,2.92,3.18,3.43
12/7/2020 7:00,32.36,2.87,3.3,1.54,41.9,28.35,9101.89,828.9,4.85,5.47,4.07
13-07-2020 07:00,41.07,3.57,4.15,1.68,46.34,34.33,12206.23,811.02,3.71,3.24,5.34
14-07-2020 07:00,44.88,3.08,3.57,1.68,53.79,36.95,12869.88,828.12,6.13,6.84,5.8
15-07-2020 07:00,40.54,3.34,3.44,1.68,53.72,36.62,12862.96,813.64,2.86,3.12,5.63
16-07-2020 07:00,39.52,3.18,2.72,1.68,48.05,34.67,12283.71,824.23,5.51,4.45,5.54
17-07-2020 07:00,48.78,3.64,3.34,1.68,50.29,35.06,13136.39,778.79,6.48,7,5.76
18-07-2020 07:00,49.62,3.75,3.67,1.68,50.62,36.23,13160.06,783.29,9.4,10.73,5.93
19-07-2020 07:00,49.59,3.05,3.18,1.68,50.1,34.51,12723.91,794.37,9.27,8.42,5.69
20-07-2020 07:00,49.9,3.25,3.63,1.68,51.97,35.67,12915.51,782.57,14.6,16.27,5.72
21-07-2020 07:00,44.36,3.48,4.25,1.68,52.77,36.35,12845.13,799.56,5.1,3.57,5.84
22-07-2020 07:00,46.11,4.01,4.26,1.68,46.19,34.5,12470.42,826.69,6.06,5.37,5.57
23-07-2020 07:00,37.46,4.07,4.84,1.6,41.97,33.71,11945.07,825.26,4.92,6.2,5.36
24-07-2020 07:00,37.16,2.06,4.48,1.5,41.2,30.78,10373.29,824,1.19,1.24,4.61
25-07-2020 07:00,43.45,2.81,5.03,1.68,48.6,35.78,12531.99,819.24,16.29,18.17,5.79
26-07-2020 07:00,40.26,3.46,3.72,1.66,46.47,32.48,11304.02,834.76,16.15,17.92,5.2
27-07-2020 07:00,45.92,3.36,3.74,1.65,49.68,35.82,12574.94,864.94,18.62,20.74,5.69
28-07-2020 07:00,38.48,2.77,3.21,1.6,42.38,32.45,10708.77,872.99,13.33,15.28,4.92
29-07-2020 07:00,42.13,3.42,3.64,1.63,45.27,32.59,11118.13,858.12,11.77,12.65,5.01
30-07-2020 07:00,46.79,3.94,4.11,1.64,50,36.47,12741.18,846.24,23.98,22.04,5.78
31-07-2020 07:00,47.52,3.88,4.01,1.64,50,36.36,12908.07,829.9,15.33,15.7,5.92
1/8/2020 7:00,48,3.86,3.88,1.64,50,36.46,13080.46,837.81,23.12,27.5,5.84
2/8/2020 7:00,39.82,3.22,3.27,1.59,41.91,31.28,10828.47,853.46,16.95,17.79,4.81
3/8/2020 7:00,4.83,0.06,0.48,1.09,5.41,5.49,824.22,831.78,0.39,1.57,0.41
4/8/2020 7:00,45.5,3.69,4.16,1.62,50.12,35.34,12367.76,855.15,13.1,16.17,5.61
5/8/2020 7:00,33.21,2.25,2.82,1.63,36.37,26.43,8847.89,869.95,12.28,15.05,4.05
6/8/2020 7:00,47,4.17,4.17,1.66,50,35.87,12963.9,859.67,13.75,18.84,5.88
7/8/2020 7:00,46.09,4.39,4.47,1.66,47.77,36.52,13034.42,849.02,12.52,18.26,5.91
8/8/2020 7:00,44.2,4.32,4.4,1.66,47.28,36.66,12967.11,859.56,0,0,5.86
9/8/2020 7:00,45,3.79,4.15,1.66,49.95,36.53,12903.93,860.92,4.32,4.5,5.88
10/8/2020 7:00,37.97,3.59,3.44,1.62,43.52,32.21,11645.15,874.13,13.24,18.28,5.24
11/8/2020 7:00,43.21,3.79,3.96,1.65,48.48,36.52,12892.53,864.96,23.04,24.07,5.66
12/8/2020 7:00,42.11,3.56,3.61,1.66,48.03,33.54,11664.43,892.04,22.8,23.05,5.25
13-08-2020 07:00,47.64,4.17,4.2,1.66,51.92,36.37,12987.64,897.28,18.56,18.84,5.78
14-08-2020 07:00,44.69,4.52,4.5,1.66,47.87,36.78,13096.09,886.86,16.88,19.51,5.72
15-08-2020 07:00,48.28,4.15,4.2,1.66,48.33,36.54,13017.45,882.27,17.91,23.99,5.91
16-08-2020 07:00,48,3.34,3.55,1.66,46.94,36.68,12798.46,895.82,20.73,20.68,5.82
17-08-2020 07:00,48,3.42,3.45,1.66,50.02,36.57,12905.04,875.54,23.47,21.41,5.92
18-08-2020 07:00,48,3.55,3.67,1.66,50.49,36.5,12891.68,873.66,20.14,20.33,5.87
19-08-2020 07:00,47.09,3.76,3.74,1.66,48.74,36.16,12733.43,891.99,1.89,2.23,5.82
20-08-2020 07:00,47.67,4.07,4.03,1.66,50.3,36.87,12981.2,888.8,6.55,7.73,5.74
21-08-2020 07:00,44.68,3.68,3.58,1.64,46.33,35.01,12457.41,894.72,2.74,5.46,5.53
22-08-2020 07:00,49.41,3.8,3.82,1.64,48.59,35.91,12932.25,882.89,2.39,2.39,5.73
23-08-2020 07:00,47.57,4.01,4.33,1.64,47.66,35.75,12803.25,881.89,8.66,8.84,5.75
24-08-2020 07:00,40.54,4.01,4.13,1.64,46.84,36.63,12844.78,865.56,5.36,5.6,5.88
25-08-2020 07:00,47.07,4.23,4.78,1.66,50.78,36.52,13050.32,859.91,8.03,8.8,5.95
26-08-2020 07:00,43.52,4.16,4.64,1.66,50.73,36.41,12672.19,868.37,6.64,6.39,5.86
27-08-2020 07:00,47.09,3.86,4.27,1.66,48.74,36.63,12733.68,875,6.08,4.34,5.94
28-08-2020 07:00,48.55,4.19,4.76,1.66,50,36.68,12913.37,873.44,6.47,6.3,5.79
29-08-2020 07:00,47.09,4.32,5.07,1.66,47.32,36.09,12975.79,870.21,6.1,6.37,5.82
30-08-2020 07:00,45.36,3.63,3.83,1.66,45,35.71,12834.44,854.13,6.39,1.62,5.84
31-08-2020 07:00,41.28,3.51,3.92,1.66,44.86,32.65,11194.26,867.7,6.46,6.5,5.15
1/9/2020 7:00,46.91,4.08,4.61,1.66,48.1,36.32,12694.75,880.13,3.48,6.57,5.91
2/9/2020 7:00,42.26,4.05,4.27,1.66,47.63,35.41,12274.37,880.28,3.57,6.61,5.74
3/9/2020 7:00,47.41,4.09,4.58,1.66,50.03,36.34,12735.68,858.65,4.18,7.59,6
4/9/2020 7:00,47.01,4.17,4.21,1.66,48.82,36.7,12958.95,871.45,17.71,16.75,5.87
5/9/2020 7:00,49.29,4.45,4.22,1.66,51.68,36.51,12771.58,879.51,16,11.28,5.91
6/9/2020 7:00,47.64,3.75,3.29,1.66,50.53,36.6,12826.98,892.44,17.72,18.4,6.01
7/9/2020 7:00,45.91,3.71,3.5,1.66,52.08,36.87,12916.35,870.02,23.56,18.21,6.13
8/9/2020 7:00,45.07,3.89,3.53,1.67,49.57,36.92,12996.51,856.82,22.99,21.95,6.14
9/9/2020 7:00,43.42,4.15,3.81,1.66,48.29,37.44,13033.1,871.19,26.38,23.85,6.04
10/9/2020 7:00,47.09,3.97,3.45,1.67,48.67,38.59,13403.09,865.7,24.18,21.23,6.22
11/9/2020 7:00,41.86,3.88,3.02,1.68,47.92,37.16,12816.32,890.77,24.25,17.84,6.1
12/9/2020 7:00,22.65,1.97,1.94,1.58,27.87,21.72,6647.98,894.66,10.45,9.75,3.18
13-09-2020 07:00,4.15,0.27,0.17,1.39,5.95,8.36,800.58,841.55,1.9,0.96,0.41
14-09-2020 07:00,38.97,3.18,2.98,1.56,44.14,30.05,10201.32,871.6,14.98,14.33,5.02
15-09-2020 07:00,48.83,4,3.89,1.64,46.52,37.21,12990.67,871.58,24.92,23.6,6.32
16-09-2020 07:00,47.78,3.98,4.87,1.64,51.09,37.24,12834.99,863.43,22.4,22.16,6.23
17-09-2020 07:00,40.44,3.73,4.3,1.64,48.63,36.56,12110.26,877.01,9.7,9.77,5.76
18-09-2020 07:00,45.63,3.4,3.35,1.64,50.66,37.53,13049.14,862.87,20.91,20.59,6.13
19-09-2020 07:00,50.76,3.43,3.68,1.64,52.71,37.93,12618.62,869.36,21.31,19.7,6.12
20-09-2020 07:00,46.41,4.02,5.02,1.64,48.62,37.84,12724.06,871.1,11.77,11.96,6.24
21-09-2020 07:00,32.97,2.76,3.13,1.62,36.62,29.92,9877.67,877.01,17.73,17.09,4.26
22-09-2020 07:00,8.44,0.46,0.78,1.51,12.74,11.01,1861,864.47,1.9,1.59,1.02
23-09-2020 07:00,40.26,3.91,3.8,1.64,45.15,34.95,11943.64,863.6,13.63,13.18,5.74
24-09-2020 07:00,48.05,3.88,3.6,1.64,48.02,37.8,13151.21,862.96,19.93,18.48,6.26
25-09-2020 07:00,46.01,3.46,3.26,1.64,47.08,37.71,12797.34,885.65,20.57,19.22,6.05
26-09-2020 07:00,47.83,2.92,2.79,1.64,53.76,38.07,12745.45,876.79,4.49,4.61,6.01
27-09-2020 07:00,48.91,2.81,2.75,1.64,50.9,37.83,12936.08,852.33,15.98,15.05,6.14
28-09-2020 07:00,49.47,2.41,2.01,1.64,50,38,13172.01,844.58,23.09,19.85,5.97
29-09-2020 07:00,44.51,2.38,2.23,1.64,45.78,34.89,11890.83,847.9,19.65,16.56,5.61
30-09-2020 07:00,49.08,2.85,2.33,1.64,51.49,37.89,12998.8,867.92,17.34,17.17,6.06
1/10/2020 7:00,44.87,2.64,2.44,1.64,47.93,38.2,13004.64,858.8,15.64,15.09,6.08
2/10/2020 7:00,43.54,2.85,2.61,1.64,47.71,37.29,12883.04,853.41,19.02,18.07,6.26
3/10/2020 7:00,42.71,3.19,3.02,1.64,49.73,37.83,12763.3,855.27,17.41,16.17,6.13
4/10/2020 7:00,43.57,3.35,3.09,1.64,52.75,37.95,13005.07,852.01,21.53,18.73,6.17
5/10/2020 7:00,41.28,3.38,3.26,1.58,46.02,36.01,12284.81,854,17.66,16.99,6.02
6/10/2020 7:00,45.12,3.37,3.21,1.61,46.86,36.56,12360.93,849.39,15.99,15.53,6.01
7/10/2020 7:00,33.84,2.67,2.45,1.58,38.43,29.48,9340.94,858.8,12.7,12.28,4.6
8/10/2020 7:00,44.85,3.1,2.73,1.64,48.29,36.1,12585.18,834.67,18.21,16.13,6.24
9/10/2020 7:00,44.92,2.87,2.46,1.64,48,38.58,13320.35,849.86,19.21,16.65,6.52
10/10/2020 7:00,45.7,3.28,2.91,1.64,49.94,38.63,13189.75,846.08,17.96,16.13,6.51
11/10/2020 7:00,44.33,3.21,2.85,1.64,53.32,38.91,13371.81,837.56,21.05,18.88,6.52
12/10/2020 7:00,45.19,3.12,2.84,1.64,51.87,37.35,13164.94,838.23,21.41,19.34,6.34
13-10-2020 07:00,32.12,3.17,3.27,1.62,37.1,29.29,9235.57,858.91,10.11,11.13,4.63
14-10-2020 07:00,45.84,3.23,3.26,1.64,49.25,36.77,12719.3,836.15,15.59,15.49,6.17
15-10-2020 07:00,44.63,2.86,2.82,1.64,54.97,37.61,12831.07,829.04,17.38,16.79,6.17
16-10-2020 07:00,45.8,3.08,3,1.64,54,36.75,13005.87,827.44,15.06,17.64,6.39
17-10-2020 07:00,19.57,1.02,1.01,1.55,21.08,17.6,4469.72,846.67,6.65,6.68,2.18
18-10-2020 07:00,36.94,2.9,2.85,1.63,44.91,32.3,10694.46,861.07,14.81,14.17,5.17
19-10-2020 07:00,41.7,3.1,2.98,1.63,50.79,34.88,11966.2,848.17,15.03,14.51,5.85
20-10-2020 07:00,32.4,3.06,3.4,1.56,36.65,28.91,9031.69,847.94,8.37,9.65,4.46
21-10-2020 07:00,0,0.02,0.01,0.82,0,5,1.88,758.95,0,0,0
22-10-2020 07:00,0,0,0,0.29,0,0.94,0,649.66,0,0,0
23-10-2020 07:00,0,0,14.92,0.5,0,0,0,656.95,0,0,0
24-10-2020 07:00,0,0.14,8.57,0.71,0,2.67,115.77,718.51,0,0,0.05
25-10-2020 07:00,24,1.49,1.64,1.41,30.19,21.18,5776.44,882.79,5.04,6.2,2.79
26-10-2020 07:00,36.93,3.34,3.53,1.56,43.83,30.67,10512.37,874.19,13.76,8.86,5.02
27-10-2020 07:00,39.95,4.35,4.37,1.62,48.81,33.38,11246.54,870.07,9.25,9.8,5.47
28-10-2020 07:00,41.31,4.39,4.24,1.64,46.75,34.4,11613.53,875.38,8.3,8.43,5.22
29-10-2020 07:00,48.08,4.77,4.82,1.64,53,37.1,12835.9,824.37,22.77,23.22,6.12
30-10-2020 07:00,45.92,4.78,5.18,1.64,50.84,37.31,12887.5,826.58,19.67,20.8,6.09
31-10-2020 07:00,47.26,4.21,4.36,1.64,51.37,37.15,12867.16,817.04,15.57,15.69,5.95
1/11/2020 7:00,38.84,3.99,4.08,1.64,44.68,32.48,10952.62,829.75,17.35,17.89,5.07
2/11/2020 7:00,43.92,4.86,4.85,1.64,55.53,37.3,13060.57,825.27,18.38,18.31,6.05
3/11/2020 7:00,47.37,4.46,4.35,1.64,54.38,37.06,13148.27,825.25,20.74,20.35,6.1
4/11/2020 7:00,47.01,4.22,4.27,1.64,50.13,37.26,13269.32,844.28,11.93,12.37,6.21
5/11/2020 7:00,45.67,4.5,4.44,1.64,50,36.89,13145.82,837.64,20.24,22.88,6.04
6/11/2020 7:00,46.53,5.09,5.39,1.64,51.16,37.24,12836.05,813.41,18.88,19.39,5.98
7/11/2020 7:00,42.25,4.99,5.45,1.64,54.41,37.16,12678.6,851.21,17.76,17.82,5.77
8/11/2020 7:00,47.22,5.29,5.54,1.64,50.02,36.95,13238.47,851.66,15.9,15.93,6.11
9/11/2020 7:00,15.66,1.24,1.13,1.56,17.63,13.99,3301.25,867.34,5.79,5.38,1.52
10/11/2020 7:00,16.73,1.93,1.85,1.53,23.38,17.56,4570.49,885.28,6.59,6.24,2.2
11/11/2020 7:00,15.44,1.9,1.59,1.51,21.47,17.01,4500.75,877.26,6.6,4.64,2.03
12/11/2020 7:00,42.3,4.89,4.9,1.64,58.45,37.19,13177.1,860.96,16.63,17.26,6.21
13-11-2020 07:00,43.66,4.94,5.06,1.64,55.15,36.55,13183.47,830.97,23.33,23.57,6.15
14-11-2020 07:00,44.69,5.21,5.5,1.64,44.01,35.14,12945.44,844.21,22.01,22.16,6.28
15-11-2020 07:00,50,5.51,6.21,1.64,34.96,35.42,13270.3,828.54,19.59,19.54,6.59
16-11-2020 07:00,48.32,5.96,6.44,1.66,35.02,35.68,13179.34,833.1,18.69,18.69,6.57
17-11-2020 07:00,47.1,5.27,6.89,1.68,35.73,36.09,13378.97,823.87,18.04,23.71,6.52
18-11-2020 07:00,43.51,5.14,5.27,1.66,23.95,35.1,12677.53,833.1,7.84,8.57,6.1
19-11-2020 07:00,42.11,4.6,4.53,1.66,24.9,34.41,12540.87,821.81,20.83,19.94,5.95
20-11-2020 07:00,45.15,4.25,4.22,1.65,24.36,32.94,12008.46,828.45,19.51,18.93,5.87
21-11-2020 07:00,0,0.04,0,0.54,0,4.23,41.7,784.09,0,0,0.01
22-11-2020 07:00,0.01,0.04,0,0.68,0,0.88,67.99,836.45,0,0,0.03
23-11-2020 07:00,24.22,2.43,2.21,1.25,36.43,20.31,6847.01,894.64,2.23,2.31,3.31
24-11-2020 07:00,48.2,2.97,3.13,1.63,53.85,34.87,12846.76,886.39,18.18,19.02,6.03
25-11-2020 07:00,50.79,3.4,3.76,1.62,51.21,34.77,13003.55,866.38,17.9,20.23,6.24
26-11-2020 07:00,47.35,4.34,4.43,1.64,54.01,35.76,13121.02,848.44,20.48,20.94,6.45
27-11-2020 07:00,50.44,4.71,4.71,1.65,51.67,35.16,13090.87,827.15,17.75,17.66,6.47
28-11-2020 07:00,48.3,4.42,4.49,1.66,50.56,35.65,12950.59,810.12,20.06,20.28,6.38
29-11-2020 07:00,45.14,4.54,4.61,1.66,55,35.3,12686.13,822.14,23.01,23.09,6.31
30-11-2020 07:00,24.14,2,1.91,1.57,33.37,19.2,6122.19,848.51,5.95,5.35,2.97
1/12/2020 7:00,45.71,4.32,4.86,1.65,47.4,34.22,12460.07,838.93,16.06,16.61,6.22
2/12/2020 7:00,48.22,3.89,3.84,1.64,51.56,35.81,13290.55,817.57,19.48,19.25,6.68
3/12/2020 7:00,47.56,3.66,3.68,1.65,50.03,36.59,13297.72,820.4,17.82,17.89,6.6
4/12/2020 7:00,47.58,4.19,4.5,1.66,47.35,35.67,12851.38,811.49,17.37,13.69,6.33
5/12/2020 7:00,46.49,3.84,3.9,1.66,54.99,36.83,13363.56,812.28,17.9,16.94,6.48
6/12/2020 7:00,43.15,4.11,4.22,1.65,48.71,33.49,11956.78,807.83,14.77,12.73,5.91
7/12/2020 7:00,37.56,3.88,3.82,1.64,48.77,32.91,11627.68,822.06,14.84,14.83,5.78
8/12/2020 7:00,46.24,4.35,4.37,1.64,53.09,35.42,13437.98,785.87,17.77,21.74,6.74
9/12/2020 7:00,45.08,3.59,3.58,1.64,51.89,34.63,13519.3,787.18,15.86,18.6,6.71
10/12/2020 7:00,45.95,2.74,2.72,1.64,55.16,36.19,13629.7,830.16,18.81,19.89,6.52
11/12/2020 7:00,46.08,3.73,3.61,1.64,54.28,35.38,12969.4,818.85,20.62,20.04,6.1
12/12/2020 7:00,46.22,3.49,3.48,1.66,58.53,36.17,13228.48,773.96,22.62,22.77,6.36
13-12-2020 07:00,42.32,2.94,2.94,1.67,53.78,35.44,13254.84,809.86,21.51,19.06,6.28
14-12-2020 07:00,46.1,4.14,4.23,1.69,55.27,36.14,13252.01,794.12,17.84,16.45,6.55
15-12-2020 07:00,42.3,3.66,3.58,1.68,50.35,35.2,12686.62,811.28,11.56,11.05,6.29
16-12-2020 07:00,48.2,2.92,2.91,1.68,52.23,35.6,13174.78,798.94,21.83,22.21,6.59
17-12-2020 07:00,42.02,2.63,2.61,1.66,46.51,32.49,11742.23,780.15,17.41,17.46,5.87
18-12-2020 07:00,11.96,0.34,0.33,1.52,15.28,9.64,1640.63,848.25,1.77,2.26,0.75
19-12-2020 07:00,46.1,2.04,2.05,1.66,53.21,34.96,12361.72,662.93,13.32,12.67,6.21
20-12-2020 07:00,45.17,2.68,2.66,1.69,53.15,34.82,12636.08,695.84,15.64,15.88,6.2
21-12-2020 07:00,47.6,1.85,1.97,1.71,55.86,35.88,12987.23,640.79,24.75,26.41,6.34
22-12-2020 07:00,44.76,3.16,3.14,1.75,56.54,35.01,13251.76,627.11,29.87,29.94,6.58
23-12-2020 07:00,46.71,3.28,3.28,1.76,59.16,35.5,12963.83,625.75,30.22,29.9,6.45
24-12-2020 07:00,45.46,3.22,3.13,1.76,54.68,35.1,12762.43,713.3,29.02,28.39,6.23
25-12-2020 07:00,42.22,2.69,2.65,1.74,53.06,33.73,12101.38,791.3,22.33,22.01,6.01
26-12-2020 07:00,44.54,2.87,2.79,1.72,55.38,33.01,12786.49,720.39,26.27,25.32,6.06
27-12-2020 07:00,10.55,0.55,0.46,1.17,10.22,9.84,1400.52,771.3,2.87,1.93,0.71
28-12-2020 07:00,44.08,3.99,3.9,1.66,52.19,35.21,12264.63,829.56,15.22,15.01,6.17
29-12-2020 07:00,44.61,3.88,3.91,1.65,50.4,36.9,12915.45,841.64,26.14,26.31,6.59
30-12-2020 07:00,44.41,3.7,3.71,1.64,55.66,36.5,12916.72,865.85,27.97,27.49,6.47
31-12-2020 07:00,42.06,3.73,3.76,1.64,54.98,36.55,13077.04,874.16,21.2,21.4,6.47
1/1/2021 7:00,41.9,2.85,2.86,1.64,52.03,33.44,11850.3,871.43,22.17,22.13,6.08
2/1/2021 7:00,43.21,2.71,2.75,1.64,51.05,36.08,12813.57,881.86,22.29,20.5,6.48
3/1/2021 7:00,46.09,3.23,3.23,1.64,52.58,35.7,13101.68,863.43,21.18,21.27,6.48
4/1/2021 7:00,47.04,2.91,2.9,1.64,51.38,35.81,13050.68,839.56,22.64,22.75,6.53
5/1/2021 7:00,46.34,3.63,3.58,1.65,52.15,36.73,13047.74,836.91,23.81,23.66,6.47
6/1/2021 7:00,49.71,3.54,3.52,1.64,52,36.41,13311.68,844.59,24.54,24.62,6.39
7/1/2021 7:00,48.39,3.42,3.41,1.64,56.66,36.17,13202.05,861.57,22.76,22.84,6.58
8/1/2021 7:00,46.73,3.3,3.29,1.64,51.32,36.2,13208.88,850.22,21.39,21.47,6.6
9/1/2021 7:00,46.71,3.6,3.57,1.64,50,37.12,13321.24,856.36,25.57,25.42,6.63
10/1/2021 7:00,37.55,3.29,2.51,1.64,45.46,31.72,10438.5,879.94,16.59,17.22,5.21
11/1/2021 7:00,46.67,3.92,3.76,1.64,53.42,36.2,13104.32,851.68,23.09,22.5,6.53
12/1/2021 7:00,47.59,3.97,3.88,1.65,55.32,36.11,13201.05,854.78,17.99,20.08,6.62
13-01-2021 07:00,47.45,4.55,4.71,1.66,55.26,36.35,12917.32,851.21,13.22,12.73,6.5
14-01-2021 07:00,47.42,4.38,4.38,1.66,59.35,36.5,13189.17,859.9,11.45,12.32,6.37
15-01-2021 07:00,42.72,3.82,3.81,1.64,53.99,35.9,12365.06,857.59,7.18,7.34,6.37
16-01-2021 07:00,44.93,4.57,4.52,1.64,54.48,36.81,13120.82,846.22,14.36,16.66,6.52
17-01-2021 07:00,44.37,4.49,4.46,1.64,57.33,37,13102.96,863.91,23.09,22.48,6.45
18-01-2021 07:00,43.9,4.66,4.67,1.64,62.15,36.42,12695.68,856.69,22.45,22.08,6.32
19-01-2021 07:00,37.37,3.88,3.83,1.63,49.67,30.91,10616.92,874.51,20.39,20.15,5.28
20-01-2021 07:00,45.76,4.89,4.79,1.64,57.39,37,12974.49,846.99,18.43,20.34,6.55
21-01-2021 07:00,45.76,4.93,5.38,1.64,54.86,36.24,12764.81,845.08,18.02,18.52,6.44
22-01-2021 07:00,46.42,4.7,5.03,1.64,55.44,36.55,12939.43,842.23,21.99,20.99,6.55
23-01-2021 07:00,44.71,4.54,5.14,1.62,51.09,36.34,12929.89,842.25,17.05,17.71,6.46
24-01-2021 07:00,48.91,4.49,4.61,1.6,54.8,36.91,13083,828.82,9.02,9.17,6.46
25-01-2021 07:00,44.46,4.18,4.62,1.59,48.15,35.02,12371.99,847.23,12.73,6.67,6.15
26-01-2021 07:00,41.62,4.43,4.72,1.59,49.36,33.22,11435.28,858.24,10.58,10.66,5.91
27-01-2021 07:00,42.68,4.45,5.53,1.58,52.52,33.31,11722.13,856.08,17.3,19.19,6.11
28-01-2021 07:00,41.87,3.59,3.94,1.58,44.78,31.63,10869.37,871.13,21.53,22.37,5.51
29-01-2021 07:00,45.99,4.38,5.91,1.58,51.52,35.86,12730.55,874.76,19.63,19.97,6.44
30-01-2021 07:00,44.71,4.23,6.17,1.59,52.76,36.17,12851.7,872.07,25.67,24.59,6.45
31-01-2021 07:00,42.46,3.97,6.54,1.6,52.2,35.4,12967.58,869.84,23.98,23.62,6.49
1/2/2021 7:00,44.94,3.76,7.39,1.6,50.78,36.03,12972.7,864.22,20.19,27.98,6.47
2/2/2021 7:00,43.29,4.24,5.74,1.6,48.48,33.8,12088.57,866.07,19.31,21.82,6.11
3/2/2021 7:00,46.74,4.75,6.44,1.6,55.06,37,13227.13,852.85,16.88,20.91,6.63
4/2/2021 7:00,47.12,4.97,6.07,1.6,56.66,35.48,12916.6,856.89,23.85,26.35,6.37
5/2/2021 7:00,43.94,5.01,6.66,1.59,52.97,36.35,13038.5,859.65,20.6,22.83,6.66
6/2/2021 7:00,45.56,4.87,7.11,1.58,52.79,36.02,12889.57,859.86,23.53,26.64,6.58
7/2/2021 7:00,42.28,4.52,5.55,1.58,54.11,34.42,12328.5,862.64,20.49,23.82,6.23
8/2/2021 7:00,29.06,3.09,4.08,1.54,39.28,25.74,8155.83,865.18,12.45,14.64,4
9/2/2021 7:00,45.96,4.85,7.12,1.58,57.21,36.72,13031.07,866.92,20.96,25.34,6.54
10/2/2021 7:00,42.41,4.57,6.03,1.57,54.03,33.97,12193.9,888.25,21.11,23.08,6.07
11/2/2021 7:00,46.23,4.89,6.69,1.58,59.58,36.57,13127.73,886.53,20.31,23.93,6.66
12/2/2021 7:00,46.43,4.87,5.96,1.58,53.31,35.95,12880.77,866.07,17.99,22.82,6.54
13-02-2021 07:00,47.91,5.01,5.9,1.59,54.89,36.22,13114.83,863.67,12.82,19.11,6.57
14-02-2021 07:00,43.08,4.6,5.3,1.6,54.95,33.03,11955.07,870.13,20.24,22.37,6.03
15-02-2021 07:00,47.81,4.75,5.17,1.6,58.56,35.98,13252.3,884.82,23.37,25.39,6.65
16-02-2021 07:00,42.64,3.98,4.25,1.61,52.81,34.13,12254.8,874.26,21.5,23.04,6.12
17-02-2021 07:00,46,4.73,4.98,1.62,51.18,36.98,13199.73,883,15.13,16.31,6.56
18-02-2021 07:00,45.4,4.16,4.55,1.62,56,37.95,13498.87,886.72,18.12,19.83,6.69
19-02-2021 07:00,45.68,3.77,3.84,1.61,54.89,36.7,13106.03,874.27,19.81,20.35,6.56
20-02-2021 07:00,44.37,3.49,3.94,1.6,51.65,35.43,12835.1,861.01,17.49,16.29,6.28
21-02-2021 07:00,6.2,0.24,0.25,1.11,5.89,6.34,791.4,828.64,1.35,0.85,0.44
22-02-2021 07:00,40.56,3.5,3.18,1.54,49.35,31.06,11166.77,866.85,12.19,10.75,5.67
23-02-2021 07:00,45.83,4.31,4.56,1.59,57.41,36.39,13132.33,883,18.41,19.51,6.45
24-02-2021 07:00,44.64,5.71,5.74,1.6,57.16,36.26,13195.27,857.35,7.72,7.95,6.55
25-02-2021 07:00,44.27,4.64,4.66,1.6,53.67,36.04,12594.5,881.58,14.42,14.54,6.37
26-02-2021 07:00,20.14,1.93,1.69,1.36,25.1,17.52,4792.5,865.87,8.11,6.24,2.34
27-02-2021 07:00,43.13,3.53,3.46,1.6,60.03,36.84,13295.73,893.4,20.82,21.17,6.64
28-02-2021 07:00,45.73,3.28,3.31,1.56,63.64,37.42,13589.8,951.49,15.28,15.75,6.52
1/3/2021 7:00,42.3,2.18,2.2,1.57,51.27,33.73,11855.37,908.43,18.49,18.76,5.72
2/3/2021 7:00,46.95,2.55,2.48,1.55,52.23,37.21,13513.73,885.26,17.37,18.28,6.51
3/3/2021 7:00,39.13,1.98,1.9,1.42,47.22,31.74,11326.77,865.71,15.38,16.59,5.47
4/3/2021 7:00,46.49,2.56,2.53,1.55,54.58,36.45,13535.53,887.69,12.61,15.88,6.53
5/3/2021 7:00,45.35,2.21,2.2,1.55,53.54,36.63,13587.9,902.37,14.25,15.84,6.47
6/3/2021 7:00,44.07,3.14,3.12,1.55,56.49,37.11,13921.27,905.94,12.55,15.82,6.54
7/3/2021 7:00,44.29,3.4,3.32,1.55,50.4,37.54,13295.43,922.54,7.93,12.76,6.51
8/3/2021 7:00,44.34,2.96,3.02,1.54,50.68,36.65,13164.67,927,7.49,7.6,6.21
9/3/2021 7:00,43.79,3.21,3.04,1.55,52.67,35.49,12936.7,941.88,3.81,12.08,6.14
10/3/2021 7:00,45.74,3.72,3.84,1.55,60.37,38.11,13949.43,914.02,7.73,9.46,6.69
11/3/2021 7:00,47,3.36,3.5,1.55,60.3,38.73,13967.37,923.49,12.85,13.32,6.7
12/3/2021 7:00,46.36,3.42,3.49,1.55,62.71,36.97,13716.7,922.04,15.83,16.72,6.48
13-03-2021 07:00,43.09,3.39,3.39,1.55,57.98,37.37,13708.1,906.79,13.15,15.26,6.49
14-03-2021 07:00,0.02,0.69,0.53,0.38,0.11,2.9,15.53,528.15,0,0,0.12
15-03-2021 07:00,0,0.01,0,0,0,0,0,452.39,0,0,0
16-03-2021 07:00,0,0.08,0.03,0,0,0,-0.9,452.79,0,0,0.02
17-03-2021 07:00,6.66,0.41,0.79,0.41,11.85,3.71,1364.67,687.81,0.77,0.84,0.64
18-03-2021 07:00,43.19,4.32,4.29,1.54,56.05,35.41,13102.2,918.44,1.43,1.44,6.37
19-03-2021 07:00,43.69,4.18,4.21,1.55,54.71,36.25,13585.3,935.43,10.7,9.8,6.43
20-03-2021 07:00,47,4.08,4.14,1.55,54,37.35,13553.33,929.53,22.19,20.71,6.75
21-03-2021 07:00,36.33,2.98,3.01,1.55,50.47,31.53,11354.4,919.71,15.1,14.73,5.37
22-03-2021 07:00,42.36,3.57,3.65,1.57,55.29,35.11,13089.33,926.74,24.07,24.42,6.21
23-03-2021 07:00,44.72,4.56,4.59,1.57,59.22,37.2,13920.77,934.46,21.26,21.43,6.56
24-03-2021 07:00,44.92,4.34,4.33,1.56,57,37.19,13779.8,932.19,18.99,18.96,6.56
25-03-2021 07:00,46,4.31,4.31,1.56,58,36.94,14013.63,923.35,19.04,19.06,6.7
26-03-2021 07:00,45.95,4.05,4.06,1.56,58,37.58,14107,924.77,19.23,19.3,6.65
27-03-2021 07:00,45.63,4.3,4.3,1.56,57.38,37.21,13773.7,927.26,19.45,19.45,6.48
28-03-2021 07:00,44.25,3.04,3.05,1.54,56.9,37.02,13731.67,930.02,13.94,14.3,6.48
29-03-2021 07:00,33.93,2.7,2.68,1.43,46.53,31.77,10948.6,913.4,1.9,1.9,5.02
30-03-2021 07:00,3.63,0.22,0.13,0.91,10.97,13.42,689.03,817.66,1.07,0.62,0.28
31-03-2021 07:00,41.27,4.87,4.83,1.51,58.23,36.5,13388.37,887.83,16.12,15.95,6.2
1/4/2021 7:00,45.36,5.04,5.09,1.55,56.41,37.14,13464.03,857.19,19.09,19.21,6.35
2/4/2021 7:00,40.82,4.68,4.82,1.54,50.75,34.91,11810,870.5,17.39,17.57,5.72
3/4/2021 7:00,20.52,2,2.03,1.32,29.51,18.94,5616.6,858.73,8,8.13,2.8
4/4/2021 7:00,42.55,4.02,4.04,1.45,54.76,34.12,12554.6,868.8,18.64,17.36,5.89
5/4/2021 7:00,16.21,1.59,1.6,1.15,23.43,15.25,4588.8,816.66,7.25,7.27,2.09
6/4/2021 7:00,0,0.01,0,0.88,3.4,1.99,0,780.54,0,0,0
7/4/2021 7:00,0,0.16,0,0.9,5.32,3.24,104.5,777.44,0.57,0,0.04
8/4/2021 7:00,25.69,3.32,3.17,1.2,37.26,19.8,6474.87,885.31,5.4,5.5,3.09
9/4/2021 7:00,45.17,5.04,5.07,1.53,57.09,35.68,13086.9,860.79,13.17,13.77,6.34
10/4/2021 7:00,44.28,4.67,4.69,1.48,60.16,36.15,13354.73,845.59,17.04,17.12,6.43
11/4/2021 7:00,41.34,3.26,3.29,1.48,59.85,36.06,13134.3,872.31,18.64,18.72,6.17
12/4/2021 7:00,45.4,3.44,3.46,1.48,63.82,37.68,13651.97,877.18,15.43,15.73,6.43
13-04-2021 07:00,45.18,3.23,3.28,1.5,55.8,32.61,12059.5,870.59,17.33,17.56,5.66
14-04-2021 07:00,40.04,3.84,3.89,1.39,55.26,32.02,11483.1,870.82,17.21,17.39,5.7
15-04-2021 07:00,44.03,3.9,3.92,1.49,63.07,36.13,13054.4,873.81,19.62,19.97,6.5
16-04-2021 07:00,44.19,3.72,3.73,1.48,68.11,36.56,13018.3,858.63,24.26,24.46,6.25
17-04-2021 07:00,42.25,4.12,4.18,1.48,58.57,34.33,12126.3,870.46,17.81,18.61,6.03
18-04-2021 07:00,44.03,3.63,3.75,1.47,59.59,34.27,11989.9,854,22.35,22.31,6.09
19-04-2021 07:00,14.27,0.97,0.84,1.07,13.97,12.08,2852.83,829.38,4.58,4.26,1.34
20-04-2021 07:00,15.78,1.89,1.52,1.07,23.38,14.89,4178.47,865.48,4.51,4.49,1.95
21-04-2021 07:00,46.69,5.24,4.53,1.48,59.03,36.59,13348.5,835.26,22.52,22.24,6.3
22-04-2021 07:00,45.66,5.37,4.48,1.48,58.92,36.3,13230.73,835.77,24.72,24.42,6.33
23-04-2021 07:00,37.61,4.34,3.63,1.47,51.47,31.62,11028.17,823.58,18.48,18.15,5.39
24-04-2021 07:00,40.14,5.04,3.99,1.48,56.13,34.55,12258.6,855.96,15.29,15.19,5.91
25-04-2021 07:00,46.57,6.26,4.19,1.48,57.93,35.77,13316.03,851.12,21.31,18.41,6.52
26-04-2021 07:00,45.2,5.39,5.05,1.48,55.67,35.17,12986.07,826.41,28.2,26.91,6.31
27-04-2021 07:00,39.17,5.5,5.53,1.48,64.39,35.39,13231.73,838.4,17.66,18.9,6.43
28-04-2021 07:00,36.3,4.55,4.61,1.35,52.92,34,11442,856.65,12.63,13.92,5.65
29-04-2021 07:00,45.07,5.58,5.54,1.51,57.39,36.13,12987,825.93,6.37,6.44,6.3
30-04-2021 07:00,42.07,5.33,5.35,1.5,56.01,35.12,12431.57,824.36,21.44,21.53,6.01
1/5/2021 7:00,35.36,5.19,5.26,1.52,50.82,31.22,10934.2,823.4,11.76,14.31,5.34
2/5/2021 7:00,44.92,6.34,6.39,1.58,63.35,35.91,12820.53,795.78,19.82,20.1,6.75
3/5/2021 7:00,45.34,5.4,5.41,1.58,65.22,35.89,12792.87,826.54,18.3,18.46,6.78
4/5/2021 7:00,41.47,4.79,4.78,1.58,57.79,34.8,12253.23,858.37,16.17,16.26,6.27
5/5/2021 7:00,41.62,5.42,5.38,1.56,62.93,35.67,13171.7,846.08,23.98,23.88,6.54
6/5/2021 7:00,43.79,5.84,5.83,1.55,63.49,36.15,13116.57,859.13,26.69,27.01,6.63
7/5/2021 7:00,47,6.01,5.95,1.55,64.77,36.72,13434.6,858.25,23.11,24.31,6.81
8/5/2021 7:00,42.89,4.28,4.43,1.55,64.37,37.1,13199.53,844.42,20.32,20.64,6.72
9/5/2021 7:00,40.09,4.67,4.65,1.53,63.98,37.11,13401.9,847.99,22.75,22.77,6.67
10/5/2021 7:00,43.33,4.7,4.68,1.55,62.56,37.07,13081,853.44,20.19,20.19,6.55
11/5/2021 7:00,43.23,4.75,4.74,1.55,63.64,37.07,13303.1,840.03,24.87,24.98,6.73
12/5/2021 7:00,42.19,4.88,4.94,1.55,66.72,37.26,13257.8,844.97,20.27,20.83,6.75
13-05-2021 07:00,32.47,4,4.03,1.52,51.59,30.12,10226.37,847.82,17.34,17.41,5.15
14-05-2021 07:00,39.46,4.79,4.82,1.55,60.38,36.53,12846.23,854.05,20.46,20.55,6.46
15-05-2021 07:00,38.27,3.76,3.72,1.55,57.66,36.04,12215.3,849.92,20.81,20.58,6
16-05-2021 07:00,39.93,4.21,4.23,1.55,61.95,37.44,13164.6,846.42,23.04,23.1,6.58
17-05-2021 07:00,41.24,4.62,4.7,1.55,62.45,37.39,13436.8,856.58,23.97,24.3,6.71
18-05-2021 07:00,41.8,4.68,4.71,1.55,60.31,38.09,13367.17,860.49,15.03,15.11,6.7
19-05-2021 07:00,42.25,5.11,5.13,1.55,58.86,37.79,13019.4,847.84,13.6,14.56,6.6
20-05-2021 07:00,36.67,3.68,3.71,1.55,57.04,34.4,11991.5,844.95,10.97,10.54,5.95
21-05-2021 07:00,36.05,3.61,3.65,1.55,57.53,33.56,11861.9,854.9,17.93,18.04,5.86
22-05-2021 07:00,41.57,4.06,4.13,1.56,62.61,37.2,13228.93,850.76,18.49,20.96,6.67
23-05-2021 07:00,37.38,4.11,4.07,1.56,57.9,35.89,12391.5,869.81,8.37,13.65,6.15
24-05-2021 07:00,41.92,4.54,4.53,1.56,61.3,38.17,13389.6,864.23,8.33,11.37,6.55
25-05-2021 07:00,37.29,3.89,3.96,1.52,54.13,34.3,11601.77,872.65,11.88,10.08,5.87
26-05-2021 07:00,35.53,7.14,6.18,1.5,50.54,33.45,10848.23,876.07,10.91,11.38,5.63
27-05-2021 07:00,41.13,6.64,6.4,1.5,59.47,37.28,13147.4,840.58,6.77,10.69,6.58
28-05-2021 07:00,8.31,1.53,1.37,0.73,12.24,12.5,2239.4,661.95,2.33,2.39,2.12
29-05-2021 07:00,0,0,0,0,0.06,0,0,243.37,0,0,0.07
30-05-2021 07:00,0,0,0,0,0,0,0,22541.81,0,0,0
31-05-2021 07:00,0,0,0,0,0,0,0,,0,0,0.01
1/6/2021 7:00,0,0,0,0,0,0,0,,0,0,0.01
2/6/2021 7:00,0,0,0,0,0,0,0,,0,0,0.01
3/6/2021 7:00,0,0,0,0,0,0,0,,0,0,0.01
4/6/2021 7:00,0,0,0,0,0,0,0,,0,0,0
5/6/2021 7:00,0,0,0,0,0,0,0,,0,0,0.03
6/6/2021 7:00,0,0,0,0,0,0,0,,0,0,0.02
7/6/2021 7:00,0,0,0,0,0,0,0,,0,0,0
8/6/2021 7:00,0,0,0,0,0,0,0,,0,0,0
9/6/2021 7:00,0,0,0,0,0,0,0,,0,0,0
10/6/2021 7:00,0,0.05,14.37,0,0,0,0,,0,0,0
11/6/2021 7:00,0,0.05,10.95,0,0,0,0.9,,0,0,0
12/6/2021 7:00,0,0.06,3.68,0,0,0,0,,0,0,0
13-06-2021 07:00,0,0.02,1.59,0,0,0,0,,0,0,0
14-06-2021 07:00,0,0.02,1.6,0,0,0,0,,0,0,0
15-06-2021 07:00,0,0.01,1.9,0,0,55.38,0,,0,0,0
16-06-2021 07:00,0,0.01,0.44,0,0,100,0,,0,0,0
17-06-2021 07:00,0,0,0,0,0,100,2.97,,0,0,0
18-06-2021 07:00,0,0,26.48,0,0,100,0,,0,0,0
19-06-2021 07:00,0,0,30,0,0.07,100,0.8,,0.01,0.01,0
20-06-2021 07:00,0,0,30,0,0,100,45.3,,0,0,-0.01
21-06-2021 07:00,0,0,30,0,0,100,295.3,,0,0,-0.01
22-06-2021 07:00,0,0,30,0,0,100,1,,0,0,-0.02
23-06-2021 07:00,0,0,30,0,0,100,8.1,,0,0,-0.01
24-06-2021 07:00,0,0.41,13.67,0,0,100,0,190.09,0,0,-0.02
25-06-2021 07:00,5.19,0.17,0.04,0,0.14,10.38,142.4,568.04,0,0,0.74
26-06-2021 07:00,0.49,0,0,0.34,0.01,1.33,0,590.67,0,0,0
27-06-2021 07:00,8.08,0.57,0.19,0.83,8.11,7.27,1172,834.45,0,0,0.43
28-06-2021 07:00,31.51,3.24,3.05,1.11,37.15,22.38,7079.93,873.34,0,0,3.09
29-06-2021 07:00,36.73,5.13,5.22,1.3,51.2,30.5,10979.8,898.04,0,0,4.86
30-06-2021 07:00,42.48,5.19,4.97,1.37,51.66,32.25,11848.8,953.27,0,0,5.16
1/7/2021 7:00,38.23,5.59,5.28,1.44,50.9,33.19,11866.37,956.69,0,0,5.43
2/7/2021 7:00,47.56,4.84,4.83,1.45,56.96,37.39,12375.83,929.82,12.88,12.34,5.81
3/7/2021 7:00,41.98,4.12,4.16,1.44,51.39,36.69,11474.3,914.78,13.63,14.05,5.28
4/7/2021 7:00,17.68,2.12,1.85,1.15,22.07,19.28,4463,862.45,2.27,2.17,1.99
5/7/2021 7:00,49.59,5.12,5.07,1.44,61.99,38.5,12850.2,928.73,13.49,13.55,6
6/7/2021 7:00,46.98,4.69,4.8,1.4,66.29,39.23,12926.8,935.47,11.4,11.62,5.75
7/7/2021 7:00,49,4.59,4.56,1.4,59.77,40.16,13125.9,946.87,12.53,13.05,6.26
8/7/2021 7:00,42.91,4.64,4.5,1.44,59.04,38,12808.7,940.81,12.85,16.56,5.71
9/7/2021 7:00,37.97,4.09,4.09,1.45,52.86,35.33,11214.9,930.49,14.23,12.96,5.05
10/7/2021 7:00,43.04,5.27,5.23,1.45,62,41.17,12767.4,950.66,5.99,6.37,6.11
11/7/2021 7:00,51.33,5.14,5.44,1.45,62.45,45.48,13392,944.48,7.37,7.84,6.27
12/7/2021 7:00,51.89,4.33,4.49,1.45,58.77,40.95,12620.3,950.12,14.37,14.98,5.77
13-07-2021 07:00,49.29,6.38,6.38,1.45,61.96,43.24,13256.1,946.64,14.55,14.64,6.19
14-07-2021 07:00,44.34,6.65,6.19,1.45,62.62,40.49,12083.57,950.27,8.69,9.23,5.69
15-07-2021 07:00,47.14,6.98,6.8,1.45,63.96,43.21,12961.3,944.38,13.05,13.36,6.12
16-07-2021 07:00,45.92,6.17,6.11,1.45,62.53,43.4,13450.33,942.52,11.34,11.74,6.19
17-07-2021 07:00,47.81,6.51,6.44,1.45,60.6,42.81,13120.2,943.32,8.7,9.11,6.22
18-07-2021 07:00,49.82,6.66,6.67,1.45,57.33,42.86,12605.1,938.34,11.85,12.09,6.24
19-07-2021 07:00,50.63,6.57,6.54,1.45,46.95,38.46,12617.4,941.64,9.83,10.25,6.08
20-07-2021 07:00,50.46,6.38,6.38,1.45,53.38,39.13,12600.1,940.06,10.75,10.31,5.99
21-07-2021 07:00,49.59,6.51,6.48,1.45,56.16,45.38,12642.5,947.83,9.7,10.04,6.01
22-07-2021 07:00,50.23,6.38,6.55,1.45,58.28,44.12,12731.77,929.77,11.73,12.58,6.03
23-07-2021 07:00,43.39,5.71,5.69,1.45,47.21,35.73,10798.53,938.07,11.91,12.34,5.14
24-07-2021 07:00,46.41,6.82,6.84,1.47,62.45,41.66,12544.3,948.43,14.32,14.7,5.81
25-07-2021 07:00,10.41,2.03,2.09,1.2,13.85,11.31,2375.5,897.37,1.37,1.97,1.12
26-07-2021 07:00,48.78,6.84,6.9,1.46,60.68,44.46,12833.3,960.76,12.89,13.27,6.12
27-07-2021 07:00,50.46,7.1,7.2,1.47,65.38,47.17,13087.47,961.64,13.56,13.78,6.4
28-07-2021 07:00,44.27,7.15,7.46,1.49,67.56,47.33,12779.13,979.79,16.86,14.31,6.09
29-07-2021 07:00,46.96,6.4,6.64,1.49,62.35,42.52,12015.67,983.24,13.73,14.71,5.78
30-07-2021 07:00,51.16,7.33,7.38,1.49,74.72,46.4,12840.33,961.03,18.42,18.34,6.25
31-07-2021 07:00,50.03,7.29,7.31,1.49,69.86,46.45,13614.8,965.61,11.77,12.37,6.65
1/8/2021 7:00,44.16,5.77,5.79,1.49,58.86,40.87,11860.7,958.67,14.78,14.79,5.7
2/8/2021 7:00,49.37,6.31,6.4,1.49,66.58,46.54,13579.87,966.69,13.58,13.83,6.32
3/8/2021 7:00,51.15,5.66,5.69,1.49,68.45,46.87,13412.73,955.16,8.52,8.6,6.38
4/8/2021 7:00,51.48,5.71,5.74,1.52,67.6,47.24,13997.6,963.63,14.34,14.4,6.56
5/8/2021 7:00,53.01,5.82,5.81,1.53,62.85,47.28,13840.5,953.78,12.93,14.44,6.51
6/8/2021 7:00,50.64,6.57,6.43,1.53,63.11,46.7,13743.7,958.9,12.9,16.28,6.14
7/8/2021 7:00,52.17,6.58,6.68,1.53,56.9,44.61,13027.6,963.8,10.42,10.56,6.04
8/8/2021 7:00,50.9,6.54,6.46,1.53,58.94,46.34,13308.6,955.81,7.11,9.47,6.34
9/8/2021 7:00,50.41,5.54,5.5,1.53,57.52,47.18,13693.6,932.98,6.67,9.89,6.33
10/8/2021 7:00,53.21,5.09,5.12,1.53,59.67,47.85,13587.3,922.94,10.11,10.15,6.3
11/8/2021 7:00,39.85,4.1,4.11,1.52,53.74,39.85,11153.8,923.82,10.35,10.37,5.23
12/8/2021 7:00,49.89,4.26,4.26,1.53,63.65,47.78,13480.8,927.21,9.13,9.81,6.33
13-08-2021 07:00,49.9,3.59,3.57,1.53,57.66,47.19,13113.97,925.88,15.04,15.71,6.17
14-08-2021 07:00,47,3.84,3.89,1.53,55,47.74,13005.43,922.79,11.48,11.48,5.98
15-08-2021 07:00,45.82,3.67,3.67,1.53,52.27,42.76,12285.67,925.46,9.98,10.34,5.54
16-08-2021 07:00,52.28,4.32,4.34,1.53,59.62,47.2,13430.83,920.69,15.2,15.27,6.33
17-08-2021 07:00,52,4.05,4.06,1.53,58.49,47.99,13106.1,915.93,16.53,16.84,6.23
18-08-2021 07:00,52.18,4.67,4.61,1.53,59.76,47.94,13032.47,920.45,14.87,14.93,6.08
19-08-2021 07:00,52,4.43,4.46,1.53,59.54,48.39,13254.8,916.03,14.38,14.47,6.32
20-08-2021 07:00,50.11,4.47,4.48,1.53,57.04,45.71,12948.43,963.1,12.76,13.08,5.81
21-08-2021 07:00,48.81,5.17,5.14,1.53,54,47.63,13392.5,973.74,17.48,17.53,6.2
22-08-2021 07:00,35.07,3.71,3.66,1.48,44.71,37.1,9646.27,928.99,9.91,10.25,4.45
23-08-2021 07:00,16.54,1.9,2.11,1.05,18.24,15.46,3701.73,866.01,0,0,1.68
24-08-2021 07:00,52.21,5.82,5.81,1.53,59.25,46.91,13003,962.5,14.28,14.79,6.14
25-08-2021 07:00,51.05,5.32,5.33,1.53,57.68,47.84,13186.6,931.56,16.29,16.29,6.2
26-08-2021 07:00,52.14,5.24,5.27,1.53,62.7,48.4,12912.2,923.38,17.87,17.95,6.12
27-08-2021 07:00,49.81,5.43,5.45,1.53,64.01,47.83,13055.7,924.76,13.37,13.15,6.13
28-08-2021 07:00,49.67,4.71,4.7,1.53,62.61,47.98,13313.7,921.81,15.58,16.25,6.17
29-08-2021 07:00,50.8,5.43,5.46,1.53,60.53,47.75,13295.2,919.18,18.59,18.66,6.21
30-08-2021 07:00,49.31,4.48,4.51,1.53,62.12,47.02,13021.5,932.05,15.62,15.69,6.17
31-08-2021 07:00,51,3.48,3.48,1.53,61.29,47.21,13226.8,947.89,12.25,12.62,6.29
1/9/2021 7:00,47.91,3.32,3.35,1.53,59.1,48.2,13490.6,957.74,16.8,16.86,6.25
2/9/2021 7:00,48.42,3.46,3.48,1.53,56.89,48,13257.3,947.3,17.17,17.24,6.17
3/9/2021 7:00,47,2.93,3.05,1.53,55.86,47.31,13254.27,956.92,15.32,13.35,6.18
4/9/2021 7:00,42.43,2.68,2.7,1.52,48.87,41.79,11336.63,931.61,14.37,14.44,5.3
5/9/2021 7:00,21.9,2.14,1.29,1.32,24.24,23.58,6084.8,871.21,1.82,2.13,2.84
6/9/2021 7:00,48.28,3.33,3.34,1.53,52.86,47.8,12924.2,895.75,0.06,0.06,5.89
7/9/2021 7:00,39.06,5.14,5.11,1.53,45.72,40.08,10642.9,897.22,16.88,16.86,5.06
8/9/2021 7:00,45.77,4.04,4,1.53,56.55,47.26,12694.2,914.98,12.39,12.48,5.9
9/9/2021 7:00,46.73,4.5,4.45,1.53,57.91,47.97,12713.5,914.21,16.62,16.6,6.06
10/9/2021 7:00,42.67,3.96,3.93,1.53,52.16,44.08,11827.3,910.99,12.98,13.32,5.55
11/9/2021 7:00,46.45,4.62,4.47,1.53,52.45,49.11,13032.67,898.46,17.23,17.57,6.1
12/9/2021 7:00,46.14,3.39,3.53,1.53,49.57,48.18,13284.63,911.69,17.6,15.15,5.97
13-09-2021 07:00,46.87,4.24,4.27,1.53,60.06,49.32,13296.3,919.01,15.18,15.26,6.14
14-09-2021 07:00,46.55,3.57,3.69,1.53,53.92,47.78,13570.2,928.18,17.26,17.3,6.11
15-09-2021 07:00,47.53,3.99,3.99,1.53,62.54,48.98,13728.3,952.58,9.56,9.88,6.13
16-09-2021 07:00,49.97,3.21,3.28,1.53,64.5,46.9,13708.97,942.1,19.82,19.09,6.11
17-09-2021 07:00,48.45,2.99,3,1.53,61.5,47.99,13833.13,934.57,15.83,16.35,6.16
18-09-2021 07:00,48.28,3.3,3.42,1.53,61.53,50.26,14232.7,914.94,13.55,13.87,6.35
19-09-2021 07:00,47.01,3.49,3.57,1.53,60.39,50.05,13966.87,930.32,17.63,17.42,6.36
20-09-2021 07:00,48.55,4,4.03,1.53,55.08,48.33,14510.03,927.13,15.56,15.43,6.25
21-09-2021 07:00,47.23,4.15,4.32,1.53,62.9,49.35,14213.4,938.45,17.31,14.41,6.16
22-09-2021 07:00,10.42,1.45,1.2,1.27,12.62,16.51,3019.3,831.03,6.93,7.04,1.33
23-09-2021 07:00,39.14,3.03,3.08,1.38,48.57,37.27,10387.77,922.94,4.92,4.77,4.7
24-09-2021 07:00,43.01,2.59,2.77,1.53,57.13,45.75,13052.13,939.32,19.05,13.23,5.87
25-09-2021 07:00,45.56,3.24,3.24,1.53,59.98,48.39,13498.4,935.22,17.12,16.34,6.17
26-09-2021 07:00,47.45,2.92,3.07,1.53,55.23,48.94,13188.27,938.31,17.24,17.89,6.12
27-09-2021 07:00,47.46,3.18,3.2,1.53,52.39,47.76,13437,922.78,17.53,17.6,6.06
28-09-2021 07:00,46.75,3.34,3.35,1.53,56.85,48.66,13299.53,916.74,14.9,14.97,6.02
29-09-2021 07:00,48.31,3.53,3.53,1.53,55.74,47.8,13385.37,893.85,10.44,10.58,6.06
30-09-2021 07:00,49,4.11,4.13,1.53,58.51,48.1,13581.2,895.05,20.86,20.94,6.07
1/10/2021 7:00,44.23,4.71,4.75,1.53,55.28,45.6,12431.23,881.93,17.76,17.92,5.7
2/10/2021 7:00,48.31,4.03,4.03,1.53,61.93,48.32,13625.67,878.27,16.21,16.06,6.21
3/10/2021 7:00,32.76,3.24,3.01,1.52,43.21,34.95,9016.6,906.6,14.11,12.82,4.1
4/10/2021 7:00,46.34,4.11,4.13,1.53,61.95,48.21,13521.66,930.78,17.21,17.06,6.2
5/10/2021 7:00,47.2,3.69,3.73,1.53,61.69,48.14,13420.14,940.33,16.51,16.74,6.09
6/10/2021 7:00,47.5,3.63,3.65,1.53,66.37,48.38,13492.5,932.06,17.49,17.57,6.14
7/10/2021 7:00,48.83,3.42,3.43,1.53,60.35,48.92,13573.8,906.81,21.86,21.94,6.22
8/10/2021 7:00,47.96,3.15,3.15,1.53,64.53,49.09,13759.3,907.63,20.3,20.45,6.3
9/10/2021 7:00,47.31,2.84,2.76,1.53,58.84,47.6,13409.8,916.18,16.61,18.41,6.29
10/10/2021 7:00,47.25,2.25,2.23,1.53,59.23,47.98,13586.6,928.47,15.34,16.07,6.28
11/10/2021 7:00,20.88,1.49,1.04,1.4,22.93,21.3,5194.6,885.45,0,0,2.36
12/10/2021 7:00,41.19,2.46,2.5,1.53,58.2,42.3,12028.86,919.69,18.47,18.63,5.55
13-10-2021 07:00,47,2.83,2.91,1.53,63.26,45.89,13463.74,916.88,19.89,20.3,6.34
14-10-2021 07:00,47,2.73,2.75,1.53,50.55,46.9,13450.56,907.37,20.94,21.02,6.3
15-10-2021 07:00,47,3.26,3.27,1.53,52.63,48.06,13511.5,892.37,20.46,20.55,6.39
16-10-2021 07:00,47.87,3.45,3.46,1.53,54.72,50.05,13727.04,897.92,20.16,20.46,6.55
17-10-2021 07:00,48.89,3.61,3.64,1.53,52.65,50.48,13708.36,897.37,16.69,16.84,6.48
18-10-2021 07:00,48.93,3.42,3.44,1.53,59.18,48.64,13716.2,919.23,19.8,19.89,6.51
19-10-2021 07:00,47,2.59,2.6,1.53,56.91,48.7,13684.5,920.25,20.45,20.53,6.55
20-10-2021 07:00,47.28,2.86,2.87,1.53,53.42,48.28,13487.94,910.05,21.85,21.89,6.46
21-10-2021 07:00,48.85,3.15,3.14,1.53,52.78,49.08,13423,899.26,19.86,19.85,6.47
22-10-2021 07:00,42.69,3.82,3.83,1.53,48.78,42.59,12057.86,902.25,18.08,18.18,5.79
23-10-2021 07:00,49.97,3.84,3.84,1.53,56.48,49.76,13421.54,902.5,19.75,19.87,6.54
24-10-2021 07:00,48.08,3.72,3.73,1.53,50.32,47.31,12886.56,910.95,18.13,18.2,6.21
25-10-2021 07:00,46.93,4.23,4.24,1.53,54.99,47.59,13421.84,909.7,18.78,18.85,6.46
26-10-2021 07:00,47.35,3.14,3.15,1.53,57.04,48.67,13388.7,925.7,20.78,20.86,6.36
27-10-2021 07:00,47.6,3.48,3.47,1.53,56.65,48.31,13592.96,932.1,20.94,20.97,6.44
28-10-2021 07:00,39.55,3.01,3.02,1.53,53.43,46.44,12788.94,926.61,18.38,18.47,6.15
29-10-2021 07:00,42.04,2.7,2.72,1.53,58.82,48.61,13490.9,888.46,19.63,19.73,6.5
30-10-2021 07:00,39.06,2.45,2.54,1.51,47.4,42.54,11444.3,891.19,15.89,17.35,5.48
31-10-2021 07:00,43.49,2.46,2.48,1.53,55.63,48.69,13606.26,887.9,20.14,20.24,6.49
1/11/2021 7:00,45.65,2.52,2.55,1.53,57.33,48.65,13587.74,881.03,18.22,18.41,6.45
2/11/2021 7:00,42.06,2.43,2.44,1.53,52.72,48.39,13754,854.77,17.73,17.82,6.51
3/11/2021 7:00,46.24,3.15,3.13,1.53,54.99,48.28,13707.8,845.62,20.09,20.15,6.48
4/11/2021 7:00,43.73,3.66,3.65,1.53,55.26,47.03,13159.9,871.12,19.86,19.9,6.34
5/11/2021 7:00,43.1,2.82,2.82,1.53,54.69,46.76,12920.8,876.19,18.06,18.12,6.29
6/11/2021 7:00,43.64,2.96,2.97,1.53,56.56,47.51,13301.1,876.72,19.44,19.51,6.53
7/11/2021 7:00,40.8,2.57,2.55,1.53,52.16,47.21,13588.76,886.69,17.7,17.68,6.48
8/11/2021 7:00,43.82,2.14,2.14,1.53,53.81,47.75,13827.04,880.74,21.33,21.41,6.57
9/11/2021 7:00,45.44,2.01,2.01,1.53,56.89,47.9,13756.16,886.93,19.45,19.53,6.68
10/11/2021 7:00,44.87,1.7,1.72,1.53,57.6,47.26,13571.34,879.99,18.56,18.62,6.51
11/11/2021 7:00,44.42,1.45,1.45,1.53,58,47.96,13749.2,889.65,20.25,20.16,6.72
12/11/2021 7:00,43.99,1.86,1.85,1.53,60.43,47.46,13661.6,868.71,13.68,15.81,6.48
13-11-2021 07:00,13.36,1.05,1.15,1.32,16.96,16.43,3128.2,888.7,4.46,4.19,1.48
14-11-2021 07:00,45.12,1.47,1.47,1.53,61.63,46.98,13387.76,861.46,15.74,15.83,6.44
15-11-2021 07:00,45.38,2.15,2.16,1.53,57.67,47.74,13536.7,861.16,16.04,16.12,6.65
16-11-2021 07:00,43.28,1.75,1.75,1.53,49.63,45.66,13250,837.16,18.17,18.26,6.43
17-11-2021 07:00,40.05,1.87,1.88,1.53,55.36,41.93,12907.24,881.34,13.63,13.71,6.29
18-11-2021 07:00,45.26,1.75,1.74,1.53,58.2,46.15,13491.5,883.85,10.83,11.64,6.64
19-11-2021 07:00,36.33,2.83,3.09,1.47,46.17,37.84,10367.2,864.72,1.98,2.29,5.17
20-11-2021 07:00,0,0,0,0.61,0,5.05,0.2,744.28,0,0,0
21-11-2021 07:00,0,0.01,0,0.5,0,0.6,0,659.14,0,0,0
22-11-2021 07:00,0,0.01,0,0.5,0,0,1,656.03,0,0,0
23-11-2021 07:00,0,2.02,6.38,0.71,0,0.45,-77.7,760.11,0,0,0
24-11-2021 07:00,11.29,0.41,1.06,1.06,13.59,11.21,2795.4,880.99,0,0,1.16
25-11-2021 07:00,23.16,1.14,1.19,1.15,20.57,19.27,6022.4,904.27,0,0,2.73
26-11-2021 07:00,44.25,2.15,2.16,1.47,48.65,41.72,13065,948.51,5.53,5.56,6.19
27-11-2021 07:00,46.54,2.6,2.71,1.55,58.85,45.42,13673.3,907.11,20.65,21.71,6.47
28-11-2021 07:00,47.89,2.66,2.68,1.55,58.15,47.02,13982.1,901.93,24.09,24.18,6.56
29-11-2021 07:00,44.99,2.04,2.03,1.55,61.84,46.54,13339.2,905.38,19.13,19.31,6.45
30-11-2021 07:00,48,2.5,2.51,1.55,59.61,47.26,13660.1,895.62,21.47,21.63,6.46
1/12/2021 7:00,33.36,2.47,2.48,1.55,43.26,34.59,10324.16,896.56,15.14,15.24,4.77
2/12/2021 7:00,43.25,4.32,4.32,1.55,59.11,46.13,13601.34,894.04,20.63,20.66,6.41
3/12/2021 7:00,43.79,3.45,3.47,1.55,56.55,43.6,12886.9,897.25,15.32,15.39,6.25
4/12/2021 7:00,46.23,3.94,3.95,1.55,59.12,47.96,13660.8,873.07,11.21,11.48,6.64
5/12/2021 7:00,47.96,5,5.01,1.55,58,48.22,13723.86,862.98,21.13,21.14,6.58
6/12/2021 7:00,47.56,5.43,5.44,1.55,58.37,48.02,13730.64,882.38,14.15,14.21,6.63
7/12/2021 7:00,47,5.23,5.24,1.55,55.84,46.22,13605.1,899.11,20.22,20.7,6.59
8/12/2021 7:00,45.76,5.1,5.13,1.55,53.88,44.8,12951.6,924.99,19.5,19.62,6.31
9/12/2021 7:00,47.01,4.53,4.55,1.55,61.52,48.58,13374.3,895.56,20.07,20.16,6.73
10/12/2021 7:00,43.47,5.11,5.14,1.55,56.63,44.91,12886.7,888.87,12.26,12.2,6.36
11/12/2021 7:00,46.39,4.7,4.7,1.55,60.32,47.63,13484.9,868.53,17.2,17.95,6.72
12/12/2021 7:00,46.95,3.91,3.92,1.55,57.41,46.28,13236.9,861.66,15.98,16.4,6.56
13-12-2021 07:00,23.32,2.05,2.13,1.43,28.49,27.02,2111.7,878.67,0,0,3.24
14-12-2021 07:00,46.75,4.4,4.43,1.59,60.87,46.9,18548.26,872.66,21.52,21.6,6.75
15-12-2021 07:00,46.72,4.59,4.6,1.6,60,47.18,13914.24,880.66,15.64,15.86,6.74
16-12-2021 07:00,46.22,4.44,4.46,1.6,60,47.66,13952.4,884.88,19.94,20.02,6.89
17-12-2021 07:00,47.02,3.83,3.85,1.6,58.97,48.66,13774.1,885.18,17.62,17.74,6.82
18-12-2021 07:00,42.92,4.11,4.12,1.57,60,41.37,14105.7,908.08,18.09,18.16,6.84
19-12-2021 07:00,45.08,3.97,3.99,1.59,62,46.38,13955.6,896.94,17.89,17.97,6.87
20-12-2021 07:00,45.77,4.85,4.88,1.6,62.17,47.82,14152.4,893.19,19.4,19.5,6.89
21-12-2021 07:00,47.79,5.53,5.56,1.6,62,48.82,14283.3,893.06,18.79,18.88,6.89
22-12-2021 07:00,48,4.91,4.94,1.6,60.74,49.16,14192.36,890.03,18.94,19.03,6.92
23-12-2021 07:00,48,4.93,5.12,1.6,60.39,47.02,14297.94,885.33,20.46,17.43,6.88
24-12-2021 07:00,48.02,4.34,5.4,1.6,60.25,48.02,14440.26,878.36,29.65,6.2,6.91
25-12-2021 07:00,48.16,4.33,4.42,1.6,60,48.91,14495.54,865.1,20.19,20.43,6.9
26-12-2021 07:00,48.69,4.53,4.58,1.6,60,48.18,14481.3,870.35,17.81,17.06,6.91
27-12-2021 07:00,45.49,5.02,5.06,1.6,58.32,47.99,14448.46,884.04,17.8,17.35,6.87
28-12-2021 07:00,47.12,4.67,4.76,1.6,57.47,47.93,14314.8,875.68,18.98,19.34,6.89
29-12-2021 07:00,48,3.81,3.8,1.6,58.66,48.29,14332.44,879.55,15.13,16.11,6.89
30-12-2021 07:00,48.29,4.13,4.14,1.6,60,48.59,14370.3,875,12.74,14.1,6.91
31-12-2021 07:00,48.65,4.17,4.19,1.6,61.36,48.72,14241,883.48,12.91,13.09,6.9
1/1/2022 7:00,47.95,4.85,4.83,1.6,60.7,47.68,14373.2,893.39,12.87,14.41,6.9
2/1/2022 7:00,48.1,3.69,3.73,1.6,61.88,48.4,14338.9,910.21,15.42,15.54,6.92
3/1/2022 7:00,49.13,2.59,2.61,1.6,62,49,14259.8,907.2,19.15,19.23,6.92
4/1/2022 7:00,38.3,2.37,2.37,1.6,47.06,37.6,11337.96,907.89,8.9,9.18,5.44
5/1/2022 7:00,47.56,2.04,2.02,1.6,62.03,48.14,14008.5,893.44,19.79,20.25,6.85
6/1/2022 7:00,47.9,2.14,2.12,1.6,63.65,47.72,13952.64,914.69,13.84,14.01,6.79
7/1/2022 7:00,48.76,1.48,1.46,1.6,60.17,46.86,14209.7,909.76,14.76,15.11,6.85
8/1/2022 7:00,48.2,1.67,1.67,1.6,60.97,46.99,14002.4,890.03,15.49,15.67,6.77
9/1/2022 7:00,48.41,1.97,1.97,1.6,61.35,47.15,13995.26,888.87,11.62,11.95,6.82
10/1/2022 7:00,46.41,2.46,2.47,1.6,60.33,47.69,14057.74,886.09,16.58,16.63,6.82
11/1/2022 7:00,46.71,1.7,1.71,1.6,58.9,47.73,13917.4,898.75,16.55,16.64,6.82
12/1/2022 7:00,46.4,1.99,1.99,1.6,60.55,47.83,13877.86,894.48,15.87,15.93,6.8
13-01-2022 07:00,47.42,1.99,1.98,1.6,61.84,48.89,14141.74,896.86,16.29,16.77,6.84
14-01-2022 07:00,47.41,1.63,1.64,1.6,60.03,47.95,13646.1,890.52,14.35,14.42,6.67
15-01-2022 07:00,41.06,1.44,1.43,1.58,51.8,41.66,11514.26,898.26,13.85,14.1,5.69
16-01-2022 07:00,46.69,2.11,2.11,1.6,61.8,47.42,13722.14,916.72,18.4,18.46,6.79
17-01-2022 07:00,45.7,1.73,1.68,1.6,59.44,46.38,9142.4,913.77,15.98,16.02,6.73
18-01-2022 07:00,44.84,2.3,2.29,1.58,58.71,46.37,17675,906.86,16.31,16.75,6.65
19-01-2022 07:00,46.92,2.3,2.31,1.55,56.38,45.71,13026.76,909.61,13.84,13.91,6.65
20-01-2022 07:00,45.43,2.49,2.48,1.55,58.97,45.08,12783.94,899.26,14.06,14.4,6.63
21-01-2022 07:00,43.88,2.87,3.06,1.57,57.37,42.52,12341.06,919.12,12.59,13.55,6.37
22-01-2022 07:00,37.97,2.22,2.21,1.47,48.07,36.17,10348.84,885.17,10.22,10.37,5.02
23-01-2022 07:00,45.51,3.36,3.37,1.54,58.76,43.91,12674.2,909.16,13.11,13.54,6.43
24-01-2022 07:00,46.45,3.51,3.53,1.57,64.95,47.05,13288.36,909.37,10.06,10.47,6.84
25-01-2022 07:00,46.48,3.14,3.13,1.57,62.98,46.83,13512.14,903.83,11.33,11.87,6.79
26-01-2022 07:00,46.01,2.14,2.15,1.57,60.77,45.86,13630.1,900.88,15.07,15.3,6.77
27-01-2022 07:00,47.82,1.91,1.91,1.57,61.95,47.54,13665.66,897.96,14.27,14.54,6.75
28-01-2022 07:00,47,1.58,1.59,1.57,60.06,47.23,13579.34,904.06,15.42,15.58,6.84
29-01-2022 07:00,37.82,1.19,1.28,1.55,48.28,38.7,10692,920.37,13.32,13.65,5.42
30-01-2022 07:00,46.81,1.71,1.7,1.57,61.8,46.95,13583.36,908.94,12.81,13.17,6.89
31-01-2022 07:00,46.28,1.69,1.66,1.57,60,45.86,13684.5,913.81,12.44,12.17,6.91
1/2/2022 7:00,46.42,1.46,1.47,1.57,58.89,47.28,13476.34,910.03,16.14,16.21,6.81
2/2/2022 7:00,47.54,1.88,1.88,1.57,60.74,45.19,13450.9,918.74,14.13,14.63,6.8
3/2/2022 7:00,47.94,2.36,2.37,1.57,58.56,46.47,13596.5,908.98,16.7,16.77,6.86
4/2/2022 7:00,47.35,2.96,3,1.57,62.87,47.8,13742,894.68,16.52,16.5,6.89
5/2/2022 7:00,45.16,2.45,2.49,1.56,61.72,44.96,13910.96,885.43,21.51,21.54,6.87
6/2/2022 7:00,46.09,2.45,2.47,1.55,62.04,45.78,14079.9,888.71,24.52,24.51,6.84
7/2/2022 7:00,48.05,1.89,1.89,1.55,64.39,48.37,13747.9,901.87,20.92,21.44,6.93
8/2/2022 7:00,46.25,1.86,1.84,1.55,65,46.73,13797.8,900.17,19.9,19.84,6.84
9/2/2022 7:00,49.15,2.12,2.17,1.55,60.27,49.38,13558.5,910.09,23.1,23.82,6.71
10/2/2022 7:00,45.24,2.89,2.9,1.55,63.2,48.38,13881.8,899.18,21.14,21.21,6.87
11/2/2022 7:00,47.37,2.58,2.56,1.55,63.04,48.76,13838,894.06,20.88,20.9,6.86
12/2/2022 7:00,44.69,2.28,2.27,1.54,59.68,47.78,13390.01,864.99,25.82,25.78,6.54
13-02-2022 07:00,0.61,0.89,0.33,1.08,0.52,3.13,72.43,769.43,0.16,0.2,0.04
14-02-2022 07:00,6.91,0.26,0.23,0.93,7.19,5.31,1155.85,804.89,1.35,2.42,0.53
15-02-2022 07:00,32.94,2.22,2.24,0.82,35.59,27.49,8545.06,878.57,11.23,10.71,3.37
16-02-2022 07:00,28.54,2.03,2.03,0.8,32.3,27.8,8807.69,918.79,5.58,5.89,3.37
17-02-2022 07:00,29.45,1.34,1.34,0.8,30.61,27.2,8748.77,957.25,12.47,12.39,3.01
18-02-2022 07:00,30.3,1.38,1.37,0.8,30.07,27.37,8762.99,944.43,9.42,9.91,2.98
19-02-2022 07:00,36.67,1.9,1.91,0.87,32.01,28.77,9474.26,947.86,9.35,9.46,3.42
20-02-2022 07:00,42.15,2.1,2.1,1.11,47.5,33.9,11394.76,934.31,13.97,14.04,4.47
